test,status,details,localid,pos,closed,id,znumber
Detección de Z duplicados (reinicio de contador),[PASS],No hay Z duplicados detectados,,,,,
Cierre existe en geocom,[PASS],Encontrados 1 registros,103,2,20260205,,
Datos de ventas existen en geocom,[PASS],Encontrados 219 tickets,103,2,20260205,,
Datos de medios pago existen en geocom,[PASS],Encontrados 235 pagos,103,2,20260205,,
Cierre NO existe en DW (validación de faltante),[PASS],Encontrados 0 registros en DW (esperaba 0),,,,2602050817571032,
Detalle del cierre NO existe en DW,[PASS],Encontrados 0 registros en detalle (esperaba 0),103,2,20260205,,
Consistencia de datos (cabecera-detalle),[PASS],Cabecera y detalle: ambos vacíos (correcto),,,,2602050817571032,
Integridad de TODAS las tablas de cierre,[PASS],"Cabecera no existe, ningún dato huérfano detectado",103,2,,,3167.0
Cierre existe en geocom,[PASS],Encontrados 1 registros,103,2,20260204,,
Datos de ventas existen en geocom,[WARNING],Encontrados 0 tickets,103,2,20260204,,
Datos de medios pago existen en geocom,[WARNING],Encontrados 0 pagos,103,2,20260204,,
Cierre NO existe en DW (validación de faltante),[PASS],Encontrados 0 registros en DW (esperaba 0),,,,2602041954281032,
Detalle del cierre NO existe en DW,[PASS],Encontrados 0 registros en detalle (esperaba 0),103,2,20260204,,
Consistencia de datos (cabecera-detalle),[PASS],Cabecera y detalle: ambos vacíos (correcto),,,,2602041954281032,
Integridad de TODAS las tablas de cierre,[PASS],"Cabecera no existe, ningún dato huérfano detectado",103,2,,,3166.0
Cierre existe en geocom,[PASS],Encontrados 1 registros,106,1,20260121,,
Datos de ventas existen en geocom,[PASS],Encontrados 57 tickets,106,1,20260121,,
Datos de medios pago existen en geocom,[PASS],Encontrados 45 pagos,106,1,20260121,,
Cierre NO existe en DW (validación de faltante),[PASS],Encontrados 0 registros en DW (esperaba 0),,,,2601211734311061,
Detalle del cierre NO existe en DW,[PASS],Encontrados 0 registros en detalle (esperaba 0),106,1,20260121,,
Consistencia de datos (cabecera-detalle),[PASS],Cabecera y detalle: ambos vacíos (correcto),,,,2601211734311061,
Integridad de TODAS las tablas de cierre,[PASS],"Cabecera no existe, ningún dato huérfano detectado",106,1,,,423.0
Cierre existe en geocom,[PASS],Encontrados 1 registros,108,1,20260121,,
Datos de ventas existen en geocom,[PASS],Encontrados 224 tickets,108,1,20260121,,
Datos de medios pago existen en geocom,[PASS],Encontrados 232 pagos,108,1,20260121,,
Cierre NO existe en DW (validación de faltante),[PASS],Encontrados 0 registros en DW (esperaba 0),,,,2601211541331081,
Detalle del cierre NO existe en DW,[PASS],Encontrados 0 registros en detalle (esperaba 0),108,1,20260121,,
Consistencia de datos (cabecera-detalle),[PASS],Cabecera y detalle: ambos vacíos (correcto),,,,2601211541331081,
Integridad de TODAS las tablas de cierre,[PASS],"Cabecera no existe, ningún dato huérfano detectado",108,1,,,771.0
Cierre existe en geocom,[PASS],Encontrados 1 registros,109,1,20260121,,
Datos de ventas existen en geocom,[PASS],Encontrados 116 tickets,109,1,20260121,,
Datos de medios pago existen en geocom,[PASS],Encontrados 116 pagos,109,1,20260121,,
Cierre NO existe en DW (validación de faltante),[PASS],Encontrados 0 registros en DW (esperaba 0),,,,2601211506291091,
Detalle del cierre NO existe en DW,[PASS],Encontrados 0 registros en detalle (esperaba 0),109,1,20260121,,
Consistencia de datos (cabecera-detalle),[PASS],Cabecera y detalle: ambos vacíos (correcto),,,,2601211506291091,
Integridad de TODAS las tablas de cierre,[PASS],"Cabecera no existe, ningún dato huérfano detectado",109,1,,,1548.0
Cierre existe en geocom,[PASS],Encontrados 1 registros,114,1,20260121,,
Datos de ventas existen en geocom,[PASS],Encontrados 641 tickets,114,1,20260121,,
Datos de medios pago existen en geocom,[PASS],Encontrados 678 pagos,114,1,20260121,,
Cierre NO existe en DW (validación de faltante),[PASS],Encontrados 0 registros en DW (esperaba 0),,,,2601211909591141,
Detalle del cierre NO existe en DW,[PASS],Encontrados 0 registros en detalle (esperaba 0),114,1,20260121,,
Consistencia de datos (cabecera-detalle),[PASS],Cabecera y detalle: ambos vacíos (correcto),,,,2601211909591141,
Integridad de TODAS las tablas de cierre,[PASS],"Cabecera no existe, ningún dato huérfano detectado",114,1,,,3027.0
Cierre existe en geocom,[PASS],Encontrados 1 registros,116,1,20260121,,
Datos de ventas existen en geocom,[PASS],Encontrados 266 tickets,116,1,20260121,,
Datos de medios pago existen en geocom,[PASS],Encontrados 295 pagos,116,1,20260121,,
Cierre NO existe en DW (validación de faltante),[PASS],Encontrados 0 registros en DW (esperaba 0),,,,2601211801531161,
Detalle del cierre NO existe en DW,[PASS],Encontrados 0 registros en detalle (esperaba 0),116,1,20260121,,
Consistencia de datos (cabecera-detalle),[PASS],Cabecera y detalle: ambos vacíos (correcto),,,,2601211801531161,
Integridad de TODAS las tablas de cierre,[PASS],"Cabecera no existe, ningún dato huérfano detectado",116,1,,,2992.0
Cierre existe en geocom,[PASS],Encontrados 1 registros,118,1,20260310,,
Datos de ventas existen en geocom,[PASS],Encontrados 530 tickets,118,1,20260310,,
Datos de medios pago existen en geocom,[PASS],Encontrados 584 pagos,118,1,20260310,,
Cierre NO existe en DW (validación de faltante),[PASS],Encontrados 0 registros en DW (esperaba 0),,,,2603102114361181,
Detalle del cierre NO existe en DW,[PASS],Encontrados 0 registros en detalle (esperaba 0),118,1,20260310,,
Consistencia de datos (cabecera-detalle),[PASS],Cabecera y detalle: ambos vacíos (correcto),,,,2603102114361181,
Integridad de TODAS las tablas de cierre,[PASS],"Cabecera no existe, ningún dato huérfano detectado",118,1,,,2819.0
Cierre existe en geocom,[PASS],Encontrados 1 registros,118,2,20260310,,
Datos de ventas existen en geocom,[PASS],Encontrados 564 tickets,118,2,20260310,,
Datos de medios pago existen en geocom,[PASS],Encontrados 612 pagos,118,2,20260310,,
Cierre NO existe en DW (validación de faltante),[PASS],Encontrados 0 registros en DW (esperaba 0),,,,2603102112001182,
Detalle del cierre NO existe en DW,[PASS],Encontrados 0 registros en detalle (esperaba 0),118,2,20260310,,
Consistencia de datos (cabecera-detalle),[PASS],Cabecera y detalle: ambos vacíos (correcto),,,,2603102112001182,
Integridad de TODAS las tablas de cierre,[PASS],"Cabecera no existe, ningún dato huérfano detectado",118,2,,,437.0
Cierre existe en geocom,[PASS],Encontrados 1 registros,121,1,20260115,,
Datos de ventas existen en geocom,[PASS],Encontrados 18 tickets,121,1,20260115,,
Datos de medios pago existen en geocom,[PASS],Encontrados 14 pagos,121,1,20260115,,
Cierre NO existe en DW (validación de faltante),[PASS],Encontrados 0 registros en DW (esperaba 0),,,,2601151753221211,
Detalle del cierre NO existe en DW,[PASS],Encontrados 0 registros en detalle (esperaba 0),121,1,20260115,,
Consistencia de datos (cabecera-detalle),[PASS],Cabecera y detalle: ambos vacíos (correcto),,,,2601151753221211,
Integridad de TODAS las tablas de cierre,[PASS],"Cabecera no existe, ningún dato huérfano detectado",121,1,,,2514.0
Cierre existe en geocom,[PASS],Encontrados 1 registros,121,2,20260202,,
Datos de ventas existen en geocom,[PASS],Encontrados 425 tickets,121,2,20260202,,
Datos de medios pago existen en geocom,[PASS],Encontrados 444 pagos,121,2,20260202,,
Cierre NO existe en DW (validación de faltante),[PASS],Encontrados 0 registros en DW (esperaba 0),,,,2602021843381212,
Detalle del cierre NO existe en DW,[PASS],Encontrados 0 registros en detalle (esperaba 0),121,2,20260202,,
Consistencia de datos (cabecera-detalle),[PASS],Cabecera y detalle: ambos vacíos (correcto),,,,2602021843381212,
Integridad de TODAS las tablas de cierre,[PASS],"Cabecera no existe, ningún dato huérfano detectado",121,2,,,2803.0
Cierre existe en geocom,[PASS],Encontrados 1 registros,121,2,20260203,,
Datos de ventas existen en geocom,[PASS],Encontrados 403 tickets,121,2,20260203,,
Datos de medios pago existen en geocom,[PASS],Encontrados 426 pagos,121,2,20260203,,
Cierre NO existe en DW (validación de faltante),[PASS],Encontrados 0 registros en DW (esperaba 0),,,,2602031821541212,
Detalle del cierre NO existe en DW,[PASS],Encontrados 0 registros en detalle (esperaba 0),121,2,20260203,,
Consistencia de datos (cabecera-detalle),[PASS],Cabecera y detalle: ambos vacíos (correcto),,,,2602031821541212,
Integridad de TODAS las tablas de cierre,[PASS],"Cabecera no existe, ningún dato huérfano detectado",121,2,,,2804.0
Cierre existe en geocom,[PASS],Encontrados 1 registros,121,2,20260204,,
Datos de ventas existen en geocom,[PASS],Encontrados 442 tickets,121,2,20260204,,
Datos de medios pago existen en geocom,[PASS],Encontrados 468 pagos,121,2,20260204,,
Cierre NO existe en DW (validación de faltante),[PASS],Encontrados 0 registros en DW (esperaba 0),,,,2602041829071212,
Detalle del cierre NO existe en DW,[PASS],Encontrados 0 registros en detalle (esperaba 0),121,2,20260204,,
Consistencia de datos (cabecera-detalle),[PASS],Cabecera y detalle: ambos vacíos (correcto),,,,2602041829071212,
Integridad de TODAS las tablas de cierre,[PASS],"Cabecera no existe, ningún dato huérfano detectado",121,2,,,2805.0
Cierre existe en geocom,[PASS],Encontrados 1 registros,121,2,20260205,,
Datos de ventas existen en geocom,[PASS],Encontrados 382 tickets,121,2,20260205,,
Datos de medios pago existen en geocom,[PASS],Encontrados 424 pagos,121,2,20260205,,
Cierre NO existe en DW (validación de faltante),[PASS],Encontrados 0 registros en DW (esperaba 0),,,,2602051818191212,
Detalle del cierre NO existe en DW,[PASS],Encontrados 0 registros en detalle (esperaba 0),121,2,20260205,,
Consistencia de datos (cabecera-detalle),[PASS],Cabecera y detalle: ambos vacíos (correcto),,,,2602051818191212,
Integridad de TODAS las tablas de cierre,[PASS],"Cabecera no existe, ningún dato huérfano detectado",121,2,,,2806.0
Cierre existe en geocom,[PASS],Encontrados 1 registros,122,2,20260121,,
Datos de ventas existen en geocom,[PASS],Encontrados 36 tickets,122,2,20260121,,
Datos de medios pago existen en geocom,[PASS],Encontrados 28 pagos,122,2,20260121,,
Cierre NO existe en DW (validación de faltante),[PASS],Encontrados 0 registros en DW (esperaba 0),,,,2601211815211222,
Detalle del cierre NO existe en DW,[PASS],Encontrados 0 registros en detalle (esperaba 0),122,2,20260121,,
Consistencia de datos (cabecera-detalle),[PASS],Cabecera y detalle: ambos vacíos (correcto),,,,2601211815211222,
Integridad de TODAS las tablas de cierre,[PASS],"Cabecera no existe, ningún dato huérfano detectado",122,2,,,2447.0
Cierre existe en geocom,[PASS],Encontrados 1 registros,123,1,20260119,,
Datos de ventas existen en geocom,[PASS],Encontrados 233 tickets,123,1,20260119,,
Datos de medios pago existen en geocom,[PASS],Encontrados 245 pagos,123,1,20260119,,
Cierre NO existe en DW (validación de faltante),[PASS],Encontrados 0 registros en DW (esperaba 0),,,,2601192033581231,
Detalle del cierre NO existe en DW,[PASS],Encontrados 0 registros en detalle (esperaba 0),123,1,20260119,,
Consistencia de datos (cabecera-detalle),[PASS],Cabecera y detalle: ambos vacíos (correcto),,,,2601192033581231,
Integridad de TODAS las tablas de cierre,[PASS],"Cabecera no existe, ningún dato huérfano detectado",123,1,,,2901.0
Cierre existe en geocom,[PASS],Encontrados 1 registros,125,1,20260121,,
Datos de ventas existen en geocom,[PASS],Encontrados 736 tickets,125,1,20260121,,
Datos de medios pago existen en geocom,[PASS],Encontrados 864 pagos,125,1,20260121,,
Cierre NO existe en DW (validación de faltante),[PASS],Encontrados 0 registros en DW (esperaba 0),,,,2601212001381251,
Detalle del cierre NO existe en DW,[PASS],Encontrados 0 registros en detalle (esperaba 0),125,1,20260121,,
Consistencia de datos (cabecera-detalle),[PASS],Cabecera y detalle: ambos vacíos (correcto),,,,2601212001381251,
Integridad de TODAS las tablas de cierre,[PASS],"Cabecera no existe, ningún dato huérfano detectado",125,1,,,2645.0
Cierre existe en geocom,[PASS],Encontrados 1 registros,127,1,20260305,,
Datos de ventas existen en geocom,[PASS],Encontrados 186 tickets,127,1,20260305,,
Datos de medios pago existen en geocom,[PASS],Encontrados 200 pagos,127,1,20260305,,
Cierre NO existe en DW (validación de faltante),[PASS],Encontrados 0 registros en DW (esperaba 0),,,,2603052002361271,
Detalle del cierre NO existe en DW,[PASS],Encontrados 0 registros en detalle (esperaba 0),127,1,20260305,,
Consistencia de datos (cabecera-detalle),[PASS],Cabecera y detalle: ambos vacíos (correcto),,,,2603052002361271,
Integridad de TODAS las tablas de cierre,[PASS],"Cabecera no existe, ningún dato huérfano detectado",127,1,,,2490.0
Cierre existe en geocom,[PASS],Encontrados 1 registros,127,1,20260309,,
Datos de ventas existen en geocom,[PASS],Encontrados 52 tickets,127,1,20260309,,
Datos de medios pago existen en geocom,[PASS],Encontrados 42 pagos,127,1,20260309,,
Cierre NO existe en DW (validación de faltante),[PASS],Encontrados 0 registros en DW (esperaba 0),,,,2603092004391271,
Detalle del cierre NO existe en DW,[PASS],Encontrados 0 registros en detalle (esperaba 0),127,1,20260309,,
Consistencia de datos (cabecera-detalle),[PASS],Cabecera y detalle: ambos vacíos (correcto),,,,2603092004391271,
Integridad de TODAS las tablas de cierre,[PASS],"Cabecera no existe, ningún dato huérfano detectado",127,1,,,2493.0
Cierre existe en geocom,[PASS],Encontrados 1 registros,127,2,20260105,,
Datos de ventas existen en geocom,[PASS],Encontrados 188 tickets,127,2,20260105,,
Datos de medios pago existen en geocom,[PASS],Encontrados 182 pagos,127,2,20260105,,
Cierre NO existe en DW (validación de faltante),[PASS],Encontrados 0 registros en DW (esperaba 0),,,,2601051904261272,
Detalle del cierre NO existe en DW,[PASS],Encontrados 0 registros en detalle (esperaba 0),127,2,20260105,,
Consistencia de datos (cabecera-detalle),[PASS],Cabecera y detalle: ambos vacíos (correcto),,,,2601051904261272,
Integridad de TODAS las tablas de cierre,[PASS],"Cabecera no existe, ningún dato huérfano detectado",127,2,,,2410.0
Cierre existe en geocom,[PASS],Encontrados 1 registros,127,2,20260107,,
Datos de ventas existen en geocom,[PASS],Encontrados 6 tickets,127,2,20260107,,
Datos de medios pago existen en geocom,[PASS],Encontrados 5 pagos,127,2,20260107,,
Cierre NO existe en DW (validación de faltante),[PASS],Encontrados 0 registros en DW (esperaba 0),,,,2601071834371272,
Detalle del cierre NO existe en DW,[PASS],Encontrados 0 registros en detalle (esperaba 0),127,2,20260107,,
Consistencia de datos (cabecera-detalle),[PASS],Cabecera y detalle: ambos vacíos (correcto),,,,2601071834371272,
Integridad de TODAS las tablas de cierre,[PASS],"Cabecera no existe, ningún dato huérfano detectado",127,2,,,2411.0
Cierre existe en geocom,[PASS],Encontrados 1 registros,127,2,20260108,,
Datos de ventas existen en geocom,[PASS],Encontrados 26 tickets,127,2,20260108,,
Datos de medios pago existen en geocom,[PASS],Encontrados 22 pagos,127,2,20260108,,
Cierre NO existe en DW (validación de faltante),[PASS],Encontrados 0 registros en DW (esperaba 0),,,,2601081850011272,
Detalle del cierre NO existe en DW,[PASS],Encontrados 0 registros en detalle (esperaba 0),127,2,20260108,,
Consistencia de datos (cabecera-detalle),[PASS],Cabecera y detalle: ambos vacíos (correcto),,,,2601081850011272,
Integridad de TODAS las tablas de cierre,[PASS],"Cabecera no existe, ningún dato huérfano detectado",127,2,,,2412.0
Cierre existe en geocom,[PASS],Encontrados 1 registros,127,2,20260114,,
Datos de ventas existen en geocom,[PASS],Encontrados 135 tickets,127,2,20260114,,
Datos de medios pago existen en geocom,[PASS],Encontrados 131 pagos,127,2,20260114,,
Cierre NO existe en DW (validación de faltante),[PASS],Encontrados 0 registros en DW (esperaba 0),,,,2601141601021272,
Detalle del cierre NO existe en DW,[PASS],Encontrados 0 registros en detalle (esperaba 0),127,2,20260114,,
Consistencia de datos (cabecera-detalle),[PASS],Cabecera y detalle: ambos vacíos (correcto),,,,2601141601021272,
Integridad de TODAS las tablas de cierre,[PASS],"Cabecera no existe, ningún dato huérfano detectado",127,2,,,2417.0
Cierre existe en geocom,[PASS],Encontrados 1 registros,127,2,20260115,,
Datos de ventas existen en geocom,[PASS],Encontrados 142 tickets,127,2,20260115,,
Datos de medios pago existen en geocom,[PASS],Encontrados 144 pagos,127,2,20260115,,
Cierre NO existe en DW (validación de faltante),[PASS],Encontrados 0 registros en DW (esperaba 0),,,,2601151531411272,
Detalle del cierre NO existe en DW,[PASS],Encontrados 0 registros en detalle (esperaba 0),127,2,20260115,,
Consistencia de datos (cabecera-detalle),[PASS],Cabecera y detalle: ambos vacíos (correcto),,,,2601151531411272,
Integridad de TODAS las tablas de cierre,[PASS],"Cabecera no existe, ningún dato huérfano detectado",127,2,,,2418.0
Cierre existe en geocom,[PASS],Encontrados 1 registros,127,2,20260121,,
Datos de ventas existen en geocom,[PASS],Encontrados 11 tickets,127,2,20260121,,
Datos de medios pago existen en geocom,[PASS],Encontrados 5 pagos,127,2,20260121,,
Cierre NO existe en DW (validación de faltante),[PASS],Encontrados 0 registros en DW (esperaba 0),,,,2601211851331272,
Detalle del cierre NO existe en DW,[PASS],Encontrados 0 registros en detalle (esperaba 0),127,2,20260121,,
Consistencia de datos (cabecera-detalle),[PASS],Cabecera y detalle: ambos vacíos (correcto),,,,2601211851331272,
Integridad de TODAS las tablas de cierre,[PASS],"Cabecera no existe, ningún dato huérfano detectado",127,2,,,2422.0
Cierre existe en geocom,[PASS],Encontrados 1 registros,127,2,20260305,,
Datos de ventas existen en geocom,[PASS],Encontrados 256 tickets,127,2,20260305,,
Datos de medios pago existen en geocom,[PASS],Encontrados 264 pagos,127,2,20260305,,
Cierre NO existe en DW (validación de faltante),[PASS],Encontrados 0 registros en DW (esperaba 0),,,,2603051637361272,
Detalle del cierre NO existe en DW,[PASS],Encontrados 0 registros en detalle (esperaba 0),127,2,20260305,,
Consistencia de datos (cabecera-detalle),[PASS],Cabecera y detalle: ambos vacíos (correcto),,,,2603051637361272,
Integridad de TODAS las tablas de cierre,[PASS],"Cabecera no existe, ningún dato huérfano detectado",127,2,,,2458.0
Cierre existe en geocom,[PASS],Encontrados 1 registros,127,2,20260309,,
Datos de ventas existen en geocom,[PASS],Encontrados 432 tickets,127,2,20260309,,
Datos de medios pago existen en geocom,[PASS],Encontrados 454 pagos,127,2,20260309,,
Cierre NO existe en DW (validación de faltante),[PASS],Encontrados 0 registros en DW (esperaba 0),,,,2603091955261272,
Detalle del cierre NO existe en DW,[PASS],Encontrados 0 registros en detalle (esperaba 0),127,2,20260309,,
Consistencia de datos (cabecera-detalle),[PASS],Cabecera y detalle: ambos vacíos (correcto),,,,2603091955261272,
Integridad de TODAS las tablas de cierre,[PASS],"Cabecera no existe, ningún dato huérfano detectado",127,2,,,2460.0
Cierre existe en geocom,[PASS],Encontrados 1 registros,129,1,20260121,,
Datos de ventas existen en geocom,[PASS],Encontrados 425 tickets,129,1,20260121,,
Datos de medios pago existen en geocom,[PASS],Encontrados 471 pagos,129,1,20260121,,
Cierre NO existe en DW (validación de faltante),[PASS],Encontrados 0 registros en DW (esperaba 0),,,,2601212004561291,
Detalle del cierre NO existe en DW,[PASS],Encontrados 0 registros en detalle (esperaba 0),129,1,20260121,,
Consistencia de datos (cabecera-detalle),[PASS],Cabecera y detalle: ambos vacíos (correcto),,,,2601212004561291,
Integridad de TODAS las tablas de cierre,[PASS],"Cabecera no existe, ningún dato huérfano detectado",129,1,,,289.0
Cierre existe en geocom,[PASS],Encontrados 1 registros,130,1,20260121,,
Datos de ventas existen en geocom,[PASS],Encontrados 242 tickets,130,1,20260121,,
Datos de medios pago existen en geocom,[PASS],Encontrados 258 pagos,130,1,20260121,,
Cierre NO existe en DW (validación de faltante),[PASS],Encontrados 0 registros en DW (esperaba 0),,,,2601211902271301,
Detalle del cierre NO existe en DW,[PASS],Encontrados 0 registros en detalle (esperaba 0),130,1,20260121,,
Consistencia de datos (cabecera-detalle),[PASS],Cabecera y detalle: ambos vacíos (correcto),,,,2601211902271301,
Integridad de TODAS las tablas de cierre,[PASS],"Cabecera no existe, ningún dato huérfano detectado",130,1,,,2792.0
Cierre existe en geocom,[PASS],Encontrados 1 registros,132,1,20260129,,
Datos de ventas existen en geocom,[PASS],Encontrados 11 tickets,132,1,20260129,,
Datos de medios pago existen en geocom,[PASS],Encontrados 5 pagos,132,1,20260129,,
Cierre NO existe en DW (validación de faltante),[PASS],Encontrados 0 registros en DW (esperaba 0),,,,2601291816571321,
Detalle del cierre NO existe en DW,[PASS],Encontrados 0 registros en detalle (esperaba 0),132,1,20260129,,
Consistencia de datos (cabecera-detalle),[PASS],Cabecera y detalle: ambos vacíos (correcto),,,,2601291816571321,
Integridad de TODAS las tablas de cierre,[PASS],"Cabecera no existe, ningún dato huérfano detectado",132,1,,,1928.0
Cierre existe en geocom,[PASS],Encontrados 1 registros,132,1,20260203,,
Datos de ventas existen en geocom,[PASS],Encontrados 109 tickets,132,1,20260203,,
Datos de medios pago existen en geocom,[PASS],Encontrados 121 pagos,132,1,20260203,,
Cierre NO existe en DW (validación de faltante),[PASS],Encontrados 0 registros en DW (esperaba 0),,,,2602031859091321,
Detalle del cierre NO existe en DW,[PASS],Encontrados 0 registros en detalle (esperaba 0),132,1,20260203,,
Consistencia de datos (cabecera-detalle),[PASS],Cabecera y detalle: ambos vacíos (correcto),,,,2602031859091321,
Integridad de TODAS las tablas de cierre,[PASS],"Cabecera no existe, ningún dato huérfano detectado",132,1,,,1930.0
Cierre existe en geocom,[PASS],Encontrados 1 registros,132,1,20260209,,
Datos de ventas existen en geocom,[PASS],Encontrados 264 tickets,132,1,20260209,,
Datos de medios pago existen en geocom,[PASS],Encontrados 294 pagos,132,1,20260209,,
Cierre NO existe en DW (validación de faltante),[PASS],Encontrados 0 registros en DW (esperaba 0),,,,2602091612111321,
Detalle del cierre NO existe en DW,[PASS],Encontrados 0 registros en detalle (esperaba 0),132,1,20260209,,
Consistencia de datos (cabecera-detalle),[PASS],Cabecera y detalle: ambos vacíos (correcto),,,,2602091612111321,
Integridad de TODAS las tablas de cierre,[PASS],"Cabecera no existe, ningún dato huérfano detectado",132,1,,,1932.0
Cierre existe en geocom,[PASS],Encontrados 1 registros,132,1,20260211,,
Datos de ventas existen en geocom,[PASS],Encontrados 143 tickets,132,1,20260211,,
Datos de medios pago existen en geocom,[PASS],Encontrados 163 pagos,132,1,20260211,,
Cierre NO existe en DW (validación de faltante),[PASS],Encontrados 0 registros en DW (esperaba 0),,,,2602111446191321,
Detalle del cierre NO existe en DW,[PASS],Encontrados 0 registros en detalle (esperaba 0),132,1,20260211,,
Consistencia de datos (cabecera-detalle),[PASS],Cabecera y detalle: ambos vacíos (correcto),,,,2602111446191321,
Integridad de TODAS las tablas de cierre,[PASS],"Cabecera no existe, ningún dato huérfano detectado",132,1,,,1934.0
Cierre existe en geocom,[PASS],Encontrados 1 registros,132,1,20260303,,
Datos de ventas existen en geocom,[PASS],Encontrados 65 tickets,132,1,20260303,,
Datos de medios pago existen en geocom,[PASS],Encontrados 72 pagos,132,1,20260303,,
Cierre NO existe en DW (validación de faltante),[PASS],Encontrados 0 registros en DW (esperaba 0),,,,2603031910261321,
Detalle del cierre NO existe en DW,[PASS],Encontrados 0 registros en detalle (esperaba 0),132,1,20260303,,
Consistencia de datos (cabecera-detalle),[PASS],Cabecera y detalle: ambos vacíos (correcto),,,,2603031910261321,
Integridad de TODAS las tablas de cierre,[PASS],"Cabecera no existe, ningún dato huérfano detectado",132,1,,,1945.0
Cierre existe en geocom,[PASS],Encontrados 1 registros,132,1,20260306,,
Datos de ventas existen en geocom,[PASS],Encontrados 9 tickets,132,1,20260306,,
Datos de medios pago existen en geocom,[WARNING],Encontrados 0 pagos,132,1,20260306,,
Cierre NO existe en DW (validación de faltante),[PASS],Encontrados 0 registros en DW (esperaba 0),,,,2603062016141321,
Detalle del cierre NO existe en DW,[PASS],Encontrados 0 registros en detalle (esperaba 0),132,1,20260306,,
Consistencia de datos (cabecera-detalle),[PASS],Cabecera y detalle: ambos vacíos (correcto),,,,2603062016141321,
Integridad de TODAS las tablas de cierre,[PASS],"Cabecera no existe, ningún dato huérfano detectado",132,1,,,1947.0
Cierre existe en geocom,[PASS],Encontrados 1 registros,132,1,20260309,,
Datos de ventas existen en geocom,[PASS],Encontrados 7 tickets,132,1,20260309,,
Datos de medios pago existen en geocom,[WARNING],Encontrados 0 pagos,132,1,20260309,,
Cierre NO existe en DW (validación de faltante),[PASS],Encontrados 0 registros en DW (esperaba 0),,,,2603091952271321,
Detalle del cierre NO existe en DW,[PASS],Encontrados 0 registros en detalle (esperaba 0),132,1,20260309,,
Consistencia de datos (cabecera-detalle),[PASS],Cabecera y detalle: ambos vacíos (correcto),,,,2603091952271321,
Integridad de TODAS las tablas de cierre,[PASS],"Cabecera no existe, ningún dato huérfano detectado",132,1,,,1948.0
Cierre existe en geocom,[PASS],Encontrados 1 registros,132,2,20260121,,
Datos de ventas existen en geocom,[PASS],Encontrados 204 tickets,132,2,20260121,,
Datos de medios pago existen en geocom,[PASS],Encontrados 242 pagos,132,2,20260121,,
Cierre NO existe en DW (validación de faltante),[PASS],Encontrados 0 registros en DW (esperaba 0),,,,2601211807391322,
Detalle del cierre NO existe en DW,[PASS],Encontrados 0 registros en detalle (esperaba 0),132,2,20260121,,
Consistencia de datos (cabecera-detalle),[PASS],Cabecera y detalle: ambos vacíos (correcto),,,,2601211807391322,
Integridad de TODAS las tablas de cierre,[PASS],"Cabecera no existe, ningún dato huérfano detectado",132,2,,,1595.0
Cierre existe en geocom,[PASS],Encontrados 1 registros,132,2,20260223,,
Datos de ventas existen en geocom,[PASS],Encontrados 119 tickets,132,2,20260223,,
Datos de medios pago existen en geocom,[PASS],Encontrados 162 pagos,132,2,20260223,,
Cierre NO existe en DW (validación de faltante),[PASS],Encontrados 0 registros en DW (esperaba 0),,,,2602231621271322,
Detalle del cierre NO existe en DW,[PASS],Encontrados 0 registros en detalle (esperaba 0),132,2,20260223,,
Consistencia de datos (cabecera-detalle),[PASS],Cabecera y detalle: ambos vacíos (correcto),,,,2602231621271322,
Integridad de TODAS las tablas de cierre,[PASS],"Cabecera no existe, ningún dato huérfano detectado",132,2,,,1617.0
Cierre existe en geocom,[PASS],Encontrados 1 registros,134,2,20260219,,
Datos de ventas existen en geocom,[PASS],Encontrados 493 tickets,134,2,20260219,,
Datos de medios pago existen en geocom,[PASS],Encontrados 557 pagos,134,2,20260219,,
Cierre NO existe en DW (validación de faltante),[PASS],Encontrados 0 registros en DW (esperaba 0),,,,2602191905081342,
Detalle del cierre NO existe en DW,[PASS],Encontrados 0 registros en detalle (esperaba 0),134,2,20260219,,
Consistencia de datos (cabecera-detalle),[PASS],Cabecera y detalle: ambos vacíos (correcto),,,,2602191905081342,
Integridad de TODAS las tablas de cierre,[PASS],"Cabecera no existe, ningún dato huérfano detectado",134,2,,,3245.0
Cierre existe en geocom,[PASS],Encontrados 1 registros,134,2,20260310,,
Datos de ventas existen en geocom,[PASS],Encontrados 594 tickets,134,2,20260310,,
Datos de medios pago existen en geocom,[PASS],Encontrados 644 pagos,134,2,20260310,,
Cierre NO existe en DW (validación de faltante),[PASS],Encontrados 0 registros en DW (esperaba 0),,,,2603102004321342,
Detalle del cierre NO existe en DW,[PASS],Encontrados 0 registros en detalle (esperaba 0),134,2,20260310,,
Consistencia de datos (cabecera-detalle),[PASS],Cabecera y detalle: ambos vacíos (correcto),,,,2603102004321342,
Integridad de TODAS las tablas de cierre,[PASS],"Cabecera no existe, ningún dato huérfano detectado",134,2,,,3264.0
Cierre existe en geocom,[PASS],Encontrados 1 registros,136,1,20260119,,
Datos de ventas existen en geocom,[PASS],Encontrados 542 tickets,136,1,20260119,,
Datos de medios pago existen en geocom,[PASS],Encontrados 638 pagos,136,1,20260119,,
Cierre NO existe en DW (validación de faltante),[PASS],Encontrados 0 registros en DW (esperaba 0),,,,2601192024081361,
Detalle del cierre NO existe en DW,[PASS],Encontrados 0 registros en detalle (esperaba 0),136,1,20260119,,
Consistencia de datos (cabecera-detalle),[PASS],Cabecera y detalle: ambos vacíos (correcto),,,,2601192024081361,
Integridad de TODAS las tablas de cierre,[PASS],"Cabecera no existe, ningún dato huérfano detectado",136,1,,,3558.0
Cierre existe en geocom,[PASS],Encontrados 1 registros,136,1,20260121,,
Datos de ventas existen en geocom,[PASS],Encontrados 498 tickets,136,1,20260121,,
Datos de medios pago existen en geocom,[PASS],Encontrados 591 pagos,136,1,20260121,,
Cierre NO existe en DW (validación de faltante),[PASS],Encontrados 0 registros en DW (esperaba 0),,,,2601212010341361,
Detalle del cierre NO existe en DW,[PASS],Encontrados 0 registros en detalle (esperaba 0),136,1,20260121,,
Consistencia de datos (cabecera-detalle),[PASS],Cabecera y detalle: ambos vacíos (correcto),,,,2601212010341361,
Integridad de TODAS las tablas de cierre,[PASS],"Cabecera no existe, ningún dato huérfano detectado",136,1,,,3560.0
Cierre existe en geocom,[PASS],Encontrados 1 registros,136,1,20260206,,
Datos de ventas existen en geocom,[PASS],Encontrados 540 tickets,136,1,20260206,,
Datos de medios pago existen en geocom,[PASS],Encontrados 631 pagos,136,1,20260206,,
Cierre NO existe en DW (validación de faltante),[PASS],Encontrados 0 registros en DW (esperaba 0),,,,2602062039161361,
Detalle del cierre NO existe en DW,[PASS],Encontrados 0 registros en detalle (esperaba 0),136,1,20260206,,
Consistencia de datos (cabecera-detalle),[PASS],Cabecera y detalle: ambos vacíos (correcto),,,,2602062039161361,
Integridad de TODAS las tablas de cierre,[PASS],"Cabecera no existe, ningún dato huérfano detectado",136,1,,,3576.0
Cierre existe en geocom,[PASS],Encontrados 1 registros,136,1,20260226,,
Datos de ventas existen en geocom,[PASS],Encontrados 483 tickets,136,1,20260226,,
Datos de medios pago existen en geocom,[PASS],Encontrados 557 pagos,136,1,20260226,,
Cierre NO existe en DW (validación de faltante),[PASS],Encontrados 0 registros en DW (esperaba 0),,,,2602262042571361,
Detalle del cierre NO existe en DW,[PASS],Encontrados 0 registros en detalle (esperaba 0),136,1,20260226,,
Consistencia de datos (cabecera-detalle),[PASS],Cabecera y detalle: ambos vacíos (correcto),,,,2602262042571361,
Integridad de TODAS las tablas de cierre,[PASS],"Cabecera no existe, ningún dato huérfano detectado",136,1,,,3597.0
Cierre existe en geocom,[PASS],Encontrados 1 registros,136,2,20260108,,
Datos de ventas existen en geocom,[PASS],Encontrados 223 tickets,136,2,20260108,,
Datos de medios pago existen en geocom,[PASS],Encontrados 267 pagos,136,2,20260108,,
Cierre NO existe en DW (validación de faltante),[PASS],Encontrados 0 registros en DW (esperaba 0),,,,2601081923491362,
Detalle del cierre NO existe en DW,[PASS],Encontrados 0 registros en detalle (esperaba 0),136,2,20260108,,
Consistencia de datos (cabecera-detalle),[PASS],Cabecera y detalle: ambos vacíos (correcto),,,,2601081923491362,
Integridad de TODAS las tablas de cierre,[PASS],"Cabecera no existe, ningún dato huérfano detectado",136,2,,,3479.0
Cierre existe en geocom,[PASS],Encontrados 1 registros,137,2,20260121,,
Datos de ventas existen en geocom,[PASS],Encontrados 161 tickets,137,2,20260121,,
Datos de medios pago existen en geocom,[PASS],Encontrados 167 pagos,137,2,20260121,,
Cierre NO existe en DW (validación de faltante),[PASS],Encontrados 0 registros en DW (esperaba 0),,,,2601212000431372,
Detalle del cierre NO existe en DW,[PASS],Encontrados 0 registros en detalle (esperaba 0),137,2,20260121,,
Consistencia de datos (cabecera-detalle),[PASS],Cabecera y detalle: ambos vacíos (correcto),,,,2601212000431372,
Integridad de TODAS las tablas de cierre,[PASS],"Cabecera no existe, ningún dato huérfano detectado",137,2,,,3355.0
Cierre existe en geocom,[PASS],Encontrados 1 registros,138,2,20260303,,
Datos de ventas existen en geocom,[WARNING],Encontrados 0 tickets,138,2,20260303,,
Datos de medios pago existen en geocom,[WARNING],Encontrados 0 pagos,138,2,20260303,,
Cierre NO existe en DW (validación de faltante),[PASS],Encontrados 0 registros en DW (esperaba 0),,,,2603031921011382,
Detalle del cierre NO existe en DW,[PASS],Encontrados 0 registros en detalle (esperaba 0),138,2,20260303,,
Consistencia de datos (cabecera-detalle),[PASS],Cabecera y detalle: ambos vacíos (correcto),,,,2603031921011382,
Integridad de TODAS las tablas de cierre,[PASS],"Cabecera no existe, ningún dato huérfano detectado",138,2,,,2566.0
Cierre existe en geocom,[PASS],Encontrados 1 registros,139,2,20260121,,
Datos de ventas existen en geocom,[PASS],Encontrados 247 tickets,139,2,20260121,,
Datos de medios pago existen en geocom,[PASS],Encontrados 266 pagos,139,2,20260121,,
Cierre NO existe en DW (validación de faltante),[PASS],Encontrados 0 registros en DW (esperaba 0),,,,2601211901041392,
Detalle del cierre NO existe en DW,[PASS],Encontrados 0 registros en detalle (esperaba 0),139,2,20260121,,
Consistencia de datos (cabecera-detalle),[PASS],Cabecera y detalle: ambos vacíos (correcto),,,,2601211901041392,
Integridad de TODAS las tablas de cierre,[PASS],"Cabecera no existe, ningún dato huérfano detectado",139,2,,,2820.0
Cierre existe en geocom,[PASS],Encontrados 1 registros,142,1,20260121,,
Datos de ventas existen en geocom,[PASS],Encontrados 432 tickets,142,1,20260121,,
Datos de medios pago existen en geocom,[PASS],Encontrados 456 pagos,142,1,20260121,,
Cierre NO existe en DW (validación de faltante),[PASS],Encontrados 0 registros en DW (esperaba 0),,,,2601212009211421,
Detalle del cierre NO existe en DW,[PASS],Encontrados 0 registros en detalle (esperaba 0),142,1,20260121,,
Consistencia de datos (cabecera-detalle),[PASS],Cabecera y detalle: ambos vacíos (correcto),,,,2601212009211421,
Integridad de TODAS las tablas de cierre,[PASS],"Cabecera no existe, ningún dato huérfano detectado",142,1,,,2051.0
Cierre existe en geocom,[PASS],Encontrados 1 registros,142,2,20260121,,
Datos de ventas existen en geocom,[PASS],Encontrados 125 tickets,142,2,20260121,,
Datos de medios pago existen en geocom,[PASS],Encontrados 155 pagos,142,2,20260121,,
Cierre NO existe en DW (validación de faltante),[PASS],Encontrados 0 registros en DW (esperaba 0),,,,2601211905241422,
Detalle del cierre NO existe en DW,[PASS],Encontrados 0 registros en detalle (esperaba 0),142,2,20260121,,
Consistencia de datos (cabecera-detalle),[PASS],Cabecera y detalle: ambos vacíos (correcto),,,,2601211905241422,
Integridad de TODAS las tablas de cierre,[PASS],"Cabecera no existe, ningún dato huérfano detectado",142,2,,,1833.0
Cierre existe en geocom,[PASS],Encontrados 1 registros,144,1,20260224,,
Datos de ventas existen en geocom,[PASS],Encontrados 221 tickets,144,1,20260224,,
Datos de medios pago existen en geocom,[PASS],Encontrados 246 pagos,144,1,20260224,,
Cierre NO existe en DW (validación de faltante),[PASS],Encontrados 0 registros en DW (esperaba 0),,,,2602241601561441,
Detalle del cierre NO existe en DW,[PASS],Encontrados 0 registros en detalle (esperaba 0),144,1,20260224,,
Consistencia de datos (cabecera-detalle),[PASS],Cabecera y detalle: ambos vacíos (correcto),,,,2602241601561441,
Integridad de TODAS las tablas de cierre,[PASS],"Cabecera no existe, ningún dato huérfano detectado",144,1,,,2893.0
Cierre existe en geocom,[PASS],Encontrados 1 registros,147,1,20260121,,
Datos de ventas existen en geocom,[PASS],Encontrados 312 tickets,147,1,20260121,,
Datos de medios pago existen en geocom,[PASS],Encontrados 334 pagos,147,1,20260121,,
Cierre NO existe en DW (validación de faltante),[PASS],Encontrados 0 registros en DW (esperaba 0),,,,2601211802471471,
Detalle del cierre NO existe en DW,[PASS],Encontrados 0 registros en detalle (esperaba 0),147,1,20260121,,
Consistencia de datos (cabecera-detalle),[PASS],Cabecera y detalle: ambos vacíos (correcto),,,,2601211802471471,
Integridad de TODAS las tablas de cierre,[PASS],"Cabecera no existe, ningún dato huérfano detectado",147,1,,,2974.0
Cierre existe en geocom,[PASS],Encontrados 1 registros,149,1,20260102,,
Datos de ventas existen en geocom,[PASS],Encontrados 157 tickets,149,1,20260102,,
Datos de medios pago existen en geocom,[PASS],Encontrados 153 pagos,149,1,20260102,,
Cierre NO existe en DW (validación de faltante),[PASS],Encontrados 0 registros en DW (esperaba 0),,,,2601022046171491,
Detalle del cierre NO existe en DW,[PASS],Encontrados 0 registros en detalle (esperaba 0),149,1,20260102,,
Consistencia de datos (cabecera-detalle),[PASS],Cabecera y detalle: ambos vacíos (correcto),,,,2601022046171491,
Integridad de TODAS las tablas de cierre,[PASS],"Cabecera no existe, ningún dato huérfano detectado",149,1,,,2280.0
Cierre existe en geocom,[PASS],Encontrados 1 registros,149,2,20260102,,
Datos de ventas existen en geocom,[PASS],Encontrados 179 tickets,149,2,20260102,,
Datos de medios pago existen en geocom,[PASS],Encontrados 182 pagos,149,2,20260102,,
Cierre NO existe en DW (validación de faltante),[PASS],Encontrados 0 registros en DW (esperaba 0),,,,2601022046421492,
Detalle del cierre NO existe en DW,[PASS],Encontrados 0 registros en detalle (esperaba 0),149,2,20260102,,
Consistencia de datos (cabecera-detalle),[PASS],Cabecera y detalle: ambos vacíos (correcto),,,,2601022046421492,
Integridad de TODAS las tablas de cierre,[PASS],"Cabecera no existe, ningún dato huérfano detectado",149,2,,,2990.0
Cierre existe en geocom,[PASS],Encontrados 1 registros,149,2,20260210,,
Datos de ventas existen en geocom,[PASS],Encontrados 315 tickets,149,2,20260210,,
Datos de medios pago existen en geocom,[PASS],Encontrados 334 pagos,149,2,20260210,,
Cierre NO existe en DW (validación de faltante),[PASS],Encontrados 0 registros en DW (esperaba 0),,,,2602102002251492,
Detalle del cierre NO existe en DW,[PASS],Encontrados 0 registros en detalle (esperaba 0),149,2,20260210,,
Consistencia de datos (cabecera-detalle),[PASS],Cabecera y detalle: ambos vacíos (correcto),,,,2602102002251492,
Integridad de TODAS las tablas de cierre,[PASS],"Cabecera no existe, ningún dato huérfano detectado",149,2,,,3024.0
Cierre existe en geocom,[PASS],Encontrados 1 registros,153,2,20260121,,
Datos de ventas existen en geocom,[PASS],Encontrados 69 tickets,153,2,20260121,,
Datos de medios pago existen en geocom,[PASS],Encontrados 57 pagos,153,2,20260121,,
Cierre NO existe en DW (validación de faltante),[PASS],Encontrados 0 registros en DW (esperaba 0),,,,2601211620131532,
Detalle del cierre NO existe en DW,[PASS],Encontrados 0 registros en detalle (esperaba 0),153,2,20260121,,
Consistencia de datos (cabecera-detalle),[PASS],Cabecera y detalle: ambos vacíos (correcto),,,,2601211620131532,
Integridad de TODAS las tablas de cierre,[PASS],"Cabecera no existe, ningún dato huérfano detectado",153,2,,,2245.0
Cierre existe en geocom,[PASS],Encontrados 1 registros,155,3,20260121,,
Datos de ventas existen en geocom,[PASS],Encontrados 446 tickets,155,3,20260121,,
Datos de medios pago existen en geocom,[PASS],Encontrados 486 pagos,155,3,20260121,,
Cierre NO existe en DW (validación de faltante),[PASS],Encontrados 0 registros en DW (esperaba 0),,,,2601211928191553,
Detalle del cierre NO existe en DW,[PASS],Encontrados 0 registros en detalle (esperaba 0),155,3,20260121,,
Consistencia de datos (cabecera-detalle),[PASS],Cabecera y detalle: ambos vacíos (correcto),,,,2601211928191553,
Integridad de TODAS las tablas de cierre,[PASS],"Cabecera no existe, ningún dato huérfano detectado",155,3,,,2644.0
Cierre existe en geocom,[PASS],Encontrados 1 registros,156,2,20260121,,
Datos de ventas existen en geocom,[PASS],Encontrados 137 tickets,156,2,20260121,,
Datos de medios pago existen en geocom,[PASS],Encontrados 118 pagos,156,2,20260121,,
Cierre NO existe en DW (validación de faltante),[PASS],Encontrados 0 registros en DW (esperaba 0),,,,2601211720481562,
Detalle del cierre NO existe en DW,[PASS],Encontrados 0 registros en detalle (esperaba 0),156,2,20260121,,
Consistencia de datos (cabecera-detalle),[PASS],Cabecera y detalle: ambos vacíos (correcto),,,,2601211720481562,
Integridad de TODAS las tablas de cierre,[PASS],"Cabecera no existe, ningún dato huérfano detectado",156,2,,,2482.0
Cierre existe en geocom,[PASS],Encontrados 1 registros,156,2,20260128,,
Datos de ventas existen en geocom,[PASS],Encontrados 241 tickets,156,2,20260128,,
Datos de medios pago existen en geocom,[PASS],Encontrados 230 pagos,156,2,20260128,,
Cierre NO existe en DW (validación de faltante),[PASS],Encontrados 0 registros en DW (esperaba 0),,,,2601281900571562,
Detalle del cierre NO existe en DW,[PASS],Encontrados 0 registros en detalle (esperaba 0),156,2,20260128,,
Consistencia de datos (cabecera-detalle),[PASS],Cabecera y detalle: ambos vacíos (correcto),,,,2601281900571562,
Integridad de TODAS las tablas de cierre,[PASS],"Cabecera no existe, ningún dato huérfano detectado",156,2,,,2487.0
Cierre existe en geocom,[PASS],Encontrados 1 registros,160,1,20260225,,
Datos de ventas existen en geocom,[PASS],Encontrados 487 tickets,160,1,20260225,,
Datos de medios pago existen en geocom,[PASS],Encontrados 512 pagos,160,1,20260225,,
Cierre NO existe en DW (validación de faltante),[PASS],Encontrados 0 registros en DW (esperaba 0),,,,2602251955251601,
Detalle del cierre NO existe en DW,[PASS],Encontrados 0 registros en detalle (esperaba 0),160,1,20260225,,
Consistencia de datos (cabecera-detalle),[PASS],Cabecera y detalle: ambos vacíos (correcto),,,,2602251955251601,
Integridad de TODAS las tablas de cierre,[PASS],"Cabecera no existe, ningún dato huérfano detectado",160,1,,,2999.0
Cierre existe en geocom,[PASS],Encontrados 1 registros,160,1,20260226,,
Datos de ventas existen en geocom,[PASS],Encontrados 516 tickets,160,1,20260226,,
Datos de medios pago existen en geocom,[PASS],Encontrados 559 pagos,160,1,20260226,,
Cierre NO existe en DW (validación de faltante),[PASS],Encontrados 0 registros en DW (esperaba 0),,,,2602261956291601,
Detalle del cierre NO existe en DW,[PASS],Encontrados 0 registros en detalle (esperaba 0),160,1,20260226,,
Consistencia de datos (cabecera-detalle),[PASS],Cabecera y detalle: ambos vacíos (correcto),,,,2602261956291601,
Integridad de TODAS las tablas de cierre,[PASS],"Cabecera no existe, ningún dato huérfano detectado",160,1,,,3000.0
Cierre existe en geocom,[PASS],Encontrados 1 registros,160,1,20260227,,
Datos de ventas existen en geocom,[PASS],Encontrados 415 tickets,160,1,20260227,,
Datos de medios pago existen en geocom,[PASS],Encontrados 440 pagos,160,1,20260227,,
Cierre NO existe en DW (validación de faltante),[PASS],Encontrados 0 registros en DW (esperaba 0),,,,2602271955091601,
Detalle del cierre NO existe en DW,[PASS],Encontrados 0 registros en detalle (esperaba 0),160,1,20260227,,
Consistencia de datos (cabecera-detalle),[PASS],Cabecera y detalle: ambos vacíos (correcto),,,,2602271955091601,
Integridad de TODAS las tablas de cierre,[PASS],"Cabecera no existe, ningún dato huérfano detectado",160,1,,,3001.0
Cierre existe en geocom,[PASS],Encontrados 1 registros,160,1,20260228,,
Datos de ventas existen en geocom,[WARNING],Encontrados 0 tickets,160,1,20260228,,
Datos de medios pago existen en geocom,[WARNING],Encontrados 0 pagos,160,1,20260228,,
Cierre NO existe en DW (validación de faltante),[PASS],Encontrados 0 registros en DW (esperaba 0),,,,2602281529211601,
Detalle del cierre NO existe en DW,[PASS],Encontrados 0 registros en detalle (esperaba 0),160,1,20260228,,
Consistencia de datos (cabecera-detalle),[PASS],Cabecera y detalle: ambos vacíos (correcto),,,,2602281529211601,
Integridad de TODAS las tablas de cierre,[PASS],"Cabecera no existe, ningún dato huérfano detectado",160,1,,,3002.0
Cierre existe en geocom,[PASS],Encontrados 1 registros,160,1,20260302,,
Datos de ventas existen en geocom,[PASS],Encontrados 512 tickets,160,1,20260302,,
Datos de medios pago existen en geocom,[PASS],Encontrados 515 pagos,160,1,20260302,,
Cierre NO existe en DW (validación de faltante),[PASS],Encontrados 0 registros en DW (esperaba 0),,,,2603022012521601,
Detalle del cierre NO existe en DW,[PASS],Encontrados 0 registros en detalle (esperaba 0),160,1,20260302,,
Consistencia de datos (cabecera-detalle),[PASS],Cabecera y detalle: ambos vacíos (correcto),,,,2603022012521601,
Integridad de TODAS las tablas de cierre,[PASS],"Cabecera no existe, ningún dato huérfano detectado",160,1,,,3003.0
Cierre existe en geocom,[PASS],Encontrados 1 registros,160,1,20260303,,
Datos de ventas existen en geocom,[PASS],Encontrados 528 tickets,160,1,20260303,,
Datos de medios pago existen en geocom,[PASS],Encontrados 520 pagos,160,1,20260303,,
Cierre NO existe en DW (validación de faltante),[PASS],Encontrados 0 registros en DW (esperaba 0),,,,2603031947461601,
Detalle del cierre NO existe en DW,[PASS],Encontrados 0 registros en detalle (esperaba 0),160,1,20260303,,
Consistencia de datos (cabecera-detalle),[PASS],Cabecera y detalle: ambos vacíos (correcto),,,,2603031947461601,
Integridad de TODAS las tablas de cierre,[PASS],"Cabecera no existe, ningún dato huérfano detectado",160,1,,,3004.0
Cierre existe en geocom,[PASS],Encontrados 1 registros,160,2,20260121,,
Datos de ventas existen en geocom,[PASS],Encontrados 120 tickets,160,2,20260121,,
Datos de medios pago existen en geocom,[PASS],Encontrados 116 pagos,160,2,20260121,,
Cierre NO existe en DW (validación de faltante),[PASS],Encontrados 0 registros en DW (esperaba 0),,,,2601211752281602,
Detalle del cierre NO existe en DW,[PASS],Encontrados 0 registros en detalle (esperaba 0),160,2,20260121,,
Consistencia de datos (cabecera-detalle),[PASS],Cabecera y detalle: ambos vacíos (correcto),,,,2601211752281602,
Integridad de TODAS las tablas de cierre,[PASS],"Cabecera no existe, ningún dato huérfano detectado",160,2,,,1643.0
Cierre existe en geocom,[PASS],Encontrados 1 registros,164,2,20260121,,
Datos de ventas existen en geocom,[PASS],Encontrados 417 tickets,164,2,20260121,,
Datos de medios pago existen en geocom,[PASS],Encontrados 428 pagos,164,2,20260121,,
Cierre NO existe en DW (validación de faltante),[PASS],Encontrados 0 registros en DW (esperaba 0),,,,2601211558431642,
Detalle del cierre NO existe en DW,[PASS],Encontrados 0 registros en detalle (esperaba 0),164,2,20260121,,
Consistencia de datos (cabecera-detalle),[PASS],Cabecera y detalle: ambos vacíos (correcto),,,,2601211558431642,
Integridad de TODAS las tablas de cierre,[PASS],"Cabecera no existe, ningún dato huérfano detectado",164,2,,,2470.0
Cierre existe en geocom,[PASS],Encontrados 1 registros,171,1,20260304,,
Datos de ventas existen en geocom,[PASS],Encontrados 588 tickets,171,1,20260304,,
Datos de medios pago existen en geocom,[PASS],Encontrados 610 pagos,171,1,20260304,,
Cierre NO existe en DW (validación de faltante),[PASS],Encontrados 0 registros en DW (esperaba 0),,,,2603042040541711,
Detalle del cierre NO existe en DW,[PASS],Encontrados 0 registros en detalle (esperaba 0),171,1,20260304,,
Consistencia de datos (cabecera-detalle),[PASS],Cabecera y detalle: ambos vacíos (correcto),,,,2603042040541711,
Integridad de TODAS las tablas de cierre,[PASS],"Cabecera no existe, ningún dato huérfano detectado",171,1,,,174.0
Cierre existe en geocom,[PASS],Encontrados 1 registros,171,1,20260309,,
Datos de ventas existen en geocom,[PASS],Encontrados 464 tickets,171,1,20260309,,
Datos de medios pago existen en geocom,[PASS],Encontrados 465 pagos,171,1,20260309,,
Cierre NO existe en DW (validación de faltante),[PASS],Encontrados 0 registros en DW (esperaba 0),,,,2603092134411711,
Detalle del cierre NO existe en DW,[PASS],Encontrados 0 registros en detalle (esperaba 0),171,1,20260309,,
Consistencia de datos (cabecera-detalle),[PASS],Cabecera y detalle: ambos vacíos (correcto),,,,2603092134411711,
Integridad de TODAS las tablas de cierre,[PASS],"Cabecera no existe, ningún dato huérfano detectado",171,1,,,179.0
Cierre existe en geocom,[PASS],Encontrados 1 registros,171,1,20260309,,
Datos de ventas existen en geocom,[WARNING],Encontrados 0 tickets,171,1,20260309,,
Datos de medios pago existen en geocom,[WARNING],Encontrados 0 pagos,171,1,20260309,,
Cierre NO existe en DW (validación de faltante),[PASS],Encontrados 0 registros en DW (esperaba 0),,,,2603092149161711,
Detalle del cierre NO existe en DW,[PASS],Encontrados 0 registros en detalle (esperaba 0),171,1,20260309,,
Consistencia de datos (cabecera-detalle),[PASS],Cabecera y detalle: ambos vacíos (correcto),,,,2603092149161711,
Integridad de TODAS las tablas de cierre,[PASS],"Cabecera no existe, ningún dato huérfano detectado",171,1,,,180.0
Cierre existe en geocom,[PASS],Encontrados 1 registros,181,1,20260121,,
Datos de ventas existen en geocom,[PASS],Encontrados 291 tickets,181,1,20260121,,
Datos de medios pago existen en geocom,[PASS],Encontrados 304 pagos,181,1,20260121,,
Cierre NO existe en DW (validación de faltante),[PASS],Encontrados 0 registros en DW (esperaba 0),,,,2601211553081811,
Detalle del cierre NO existe en DW,[PASS],Encontrados 0 registros en detalle (esperaba 0),181,1,20260121,,
Consistencia de datos (cabecera-detalle),[PASS],Cabecera y detalle: ambos vacíos (correcto),,,,2601211553081811,
Integridad de TODAS las tablas de cierre,[PASS],"Cabecera no existe, ningún dato huérfano detectado",181,1,,,2610.0
Cierre existe en geocom,[PASS],Encontrados 1 registros,183,1,20260121,,
Datos de ventas existen en geocom,[PASS],Encontrados 464 tickets,183,1,20260121,,
Datos de medios pago existen en geocom,[PASS],Encontrados 473 pagos,183,1,20260121,,
Cierre NO existe en DW (validación de faltante),[PASS],Encontrados 0 registros en DW (esperaba 0),,,,2601212008311831,
Detalle del cierre NO existe en DW,[PASS],Encontrados 0 registros en detalle (esperaba 0),183,1,20260121,,
Consistencia de datos (cabecera-detalle),[PASS],Cabecera y detalle: ambos vacíos (correcto),,,,2601212008311831,
Integridad de TODAS las tablas de cierre,[PASS],"Cabecera no existe, ningún dato huérfano detectado",183,1,,,2952.0
Cierre existe en geocom,[PASS],Encontrados 1 registros,183,2,20260121,,
Datos de ventas existen en geocom,[PASS],Encontrados 173 tickets,183,2,20260121,,
Datos de medios pago existen en geocom,[PASS],Encontrados 172 pagos,183,2,20260121,,
Cierre NO existe en DW (validación de faltante),[PASS],Encontrados 0 registros en DW (esperaba 0),,,,2601211806271832,
Detalle del cierre NO existe en DW,[PASS],Encontrados 0 registros en detalle (esperaba 0),183,2,20260121,,
Consistencia de datos (cabecera-detalle),[PASS],Cabecera y detalle: ambos vacíos (correcto),,,,2601211806271832,
Integridad de TODAS las tablas de cierre,[PASS],"Cabecera no existe, ningún dato huérfano detectado",183,2,,,2718.0
Cierre existe en geocom,[PASS],Encontrados 1 registros,185,2,20260121,,
Datos de ventas existen en geocom,[PASS],Encontrados 25 tickets,185,2,20260121,,
Datos de medios pago existen en geocom,[PASS],Encontrados 19 pagos,185,2,20260121,,
Cierre NO existe en DW (validación de faltante),[PASS],Encontrados 0 registros en DW (esperaba 0),,,,2601211917101852,
Detalle del cierre NO existe en DW,[PASS],Encontrados 0 registros en detalle (esperaba 0),185,2,20260121,,
Consistencia de datos (cabecera-detalle),[PASS],Cabecera y detalle: ambos vacíos (correcto),,,,2601211917101852,
Integridad de TODAS las tablas de cierre,[PASS],"Cabecera no existe, ningún dato huérfano detectado",185,2,,,2683.0
Cierre existe en geocom,[PASS],Encontrados 1 registros,187,1,20260121,,
Datos de ventas existen en geocom,[PASS],Encontrados 314 tickets,187,1,20260121,,
Datos de medios pago existen en geocom,[PASS],Encontrados 335 pagos,187,1,20260121,,
Cierre NO existe en DW (validación de faltante),[PASS],Encontrados 0 registros en DW (esperaba 0),,,,2601211550101871,
Detalle del cierre NO existe en DW,[PASS],Encontrados 0 registros en detalle (esperaba 0),187,1,20260121,,
Consistencia de datos (cabecera-detalle),[PASS],Cabecera y detalle: ambos vacíos (correcto),,,,2601211550101871,
Integridad de TODAS las tablas de cierre,[PASS],"Cabecera no existe, ningún dato huérfano detectado",187,1,,,2333.0
Cierre existe en geocom,[PASS],Encontrados 1 registros,187,2,20260121,,
Datos de ventas existen en geocom,[PASS],Encontrados 302 tickets,187,2,20260121,,
Datos de medios pago existen en geocom,[PASS],Encontrados 323 pagos,187,2,20260121,,
Cierre NO existe en DW (validación de faltante),[PASS],Encontrados 0 registros en DW (esperaba 0),,,,2601211554171872,
Detalle del cierre NO existe en DW,[PASS],Encontrados 0 registros en detalle (esperaba 0),187,2,20260121,,
Consistencia de datos (cabecera-detalle),[PASS],Cabecera y detalle: ambos vacíos (correcto),,,,2601211554171872,
Integridad de TODAS las tablas de cierre,[PASS],"Cabecera no existe, ningún dato huérfano detectado",187,2,,,2483.0
Cierre existe en geocom,[PASS],Encontrados 1 registros,188,1,20260121,,
Datos de ventas existen en geocom,[PASS],Encontrados 297 tickets,188,1,20260121,,
Datos de medios pago existen en geocom,[PASS],Encontrados 346 pagos,188,1,20260121,,
Cierre NO existe en DW (validación de faltante),[PASS],Encontrados 0 registros en DW (esperaba 0),,,,2601211906511881,
Detalle del cierre NO existe en DW,[PASS],Encontrados 0 registros en detalle (esperaba 0),188,1,20260121,,
Consistencia de datos (cabecera-detalle),[PASS],Cabecera y detalle: ambos vacíos (correcto),,,,2601211906511881,
Integridad de TODAS las tablas de cierre,[PASS],"Cabecera no existe, ningún dato huérfano detectado",188,1,,,2781.0
Cierre existe en geocom,[PASS],Encontrados 1 registros,188,2,20260121,,
Datos de ventas existen en geocom,[PASS],Encontrados 214 tickets,188,2,20260121,,
Datos de medios pago existen en geocom,[PASS],Encontrados 179 pagos,188,2,20260121,,
Cierre NO existe en DW (validación de faltante),[PASS],Encontrados 0 registros en DW (esperaba 0),,,,2601211809261882,
Detalle del cierre NO existe en DW,[PASS],Encontrados 0 registros en detalle (esperaba 0),188,2,20260121,,
Consistencia de datos (cabecera-detalle),[PASS],Cabecera y detalle: ambos vacíos (correcto),,,,2601211809261882,
Integridad de TODAS las tablas de cierre,[PASS],"Cabecera no existe, ningún dato huérfano detectado",188,2,,,2701.0
Cierre existe en geocom,[PASS],Encontrados 1 registros,188,2,20260124,,
Datos de ventas existen en geocom,[WARNING],Encontrados 0 tickets,188,2,20260124,,
Datos de medios pago existen en geocom,[WARNING],Encontrados 0 pagos,188,2,20260124,,
Cierre NO existe en DW (validación de faltante),[PASS],Encontrados 0 registros en DW (esperaba 0),,,,2601241335001882,
Detalle del cierre NO existe en DW,[PASS],Encontrados 0 registros en detalle (esperaba 0),188,2,20260124,,
Consistencia de datos (cabecera-detalle),[PASS],Cabecera y detalle: ambos vacíos (correcto),,,,2601241335001882,
Integridad de TODAS las tablas de cierre,[PASS],"Cabecera no existe, ningún dato huérfano detectado",188,2,,,2704.0
Cierre existe en geocom,[PASS],Encontrados 1 registros,190,1,20260121,,
Datos de ventas existen en geocom,[PASS],Encontrados 185 tickets,190,1,20260121,,
Datos de medios pago existen en geocom,[PASS],Encontrados 191 pagos,190,1,20260121,,
Cierre NO existe en DW (validación de faltante),[PASS],Encontrados 0 registros en DW (esperaba 0),,,,2601211602301901,
Detalle del cierre NO existe en DW,[PASS],Encontrados 0 registros en detalle (esperaba 0),190,1,20260121,,
Consistencia de datos (cabecera-detalle),[PASS],Cabecera y detalle: ambos vacíos (correcto),,,,2601211602301901,
Integridad de TODAS las tablas de cierre,[PASS],"Cabecera no existe, ningún dato huérfano detectado",190,1,,,2636.0
Cierre existe en geocom,[PASS],Encontrados 1 registros,195,1,20260103,,
Datos de ventas existen en geocom,[PASS],Encontrados 30 tickets,195,1,20260103,,
Datos de medios pago existen en geocom,[WARNING],Encontrados 0 pagos,195,1,20260103,,
Cierre NO existe en DW (validación de faltante),[PASS],Encontrados 0 registros en DW (esperaba 0),,,,2601031354191951,
Detalle del cierre NO existe en DW,[PASS],Encontrados 0 registros en detalle (esperaba 0),195,1,20260103,,
Consistencia de datos (cabecera-detalle),[PASS],Cabecera y detalle: ambos vacíos (correcto),,,,2601031354191951,
Integridad de TODAS las tablas de cierre,[PASS],"Cabecera no existe, ningún dato huérfano detectado",195,1,,,1887.0
Cierre existe en geocom,[PASS],Encontrados 1 registros,195,2,20260122,,
Datos de ventas existen en geocom,[PASS],Encontrados 242 tickets,195,2,20260122,,
Datos de medios pago existen en geocom,[PASS],Encontrados 242 pagos,195,2,20260122,,
Cierre NO existe en DW (validación de faltante),[PASS],Encontrados 0 registros en DW (esperaba 0),,,,2601222004331952,
Detalle del cierre NO existe en DW,[PASS],Encontrados 0 registros en detalle (esperaba 0),195,2,20260122,,
Consistencia de datos (cabecera-detalle),[PASS],Cabecera y detalle: ambos vacíos (correcto),,,,2601222004331952,
Integridad de TODAS las tablas de cierre,[PASS],"Cabecera no existe, ningún dato huérfano detectado",195,2,,,2037.0
Cierre existe en geocom,[PASS],Encontrados 1 registros,195,2,20260123,,
Datos de ventas existen en geocom,[PASS],Encontrados 213 tickets,195,2,20260123,,
Datos de medios pago existen en geocom,[PASS],Encontrados 222 pagos,195,2,20260123,,
Cierre NO existe en DW (validación de faltante),[PASS],Encontrados 0 registros en DW (esperaba 0),,,,2601232004041952,
Detalle del cierre NO existe en DW,[PASS],Encontrados 0 registros en detalle (esperaba 0),195,2,20260123,,
Consistencia de datos (cabecera-detalle),[PASS],Cabecera y detalle: ambos vacíos (correcto),,,,2601232004041952,
Integridad de TODAS las tablas de cierre,[PASS],"Cabecera no existe, ningún dato huérfano detectado",195,2,,,2038.0
Cierre existe en geocom,[PASS],Encontrados 1 registros,195,2,20260124,,
Datos de ventas existen en geocom,[PASS],Encontrados 82 tickets,195,2,20260124,,
Datos de medios pago existen en geocom,[PASS],Encontrados 74 pagos,195,2,20260124,,
Cierre NO existe en DW (validación de faltante),[PASS],Encontrados 0 registros en DW (esperaba 0),,,,2601241338301952,
Detalle del cierre NO existe en DW,[PASS],Encontrados 0 registros en detalle (esperaba 0),195,2,20260124,,
Consistencia de datos (cabecera-detalle),[PASS],Cabecera y detalle: ambos vacíos (correcto),,,,2601241338301952,
Integridad de TODAS las tablas de cierre,[PASS],"Cabecera no existe, ningún dato huérfano detectado",195,2,,,2039.0
Cierre existe en geocom,[PASS],Encontrados 1 registros,195,2,20260127,,
Datos de ventas existen en geocom,[PASS],Encontrados 205 tickets,195,2,20260127,,
Datos de medios pago existen en geocom,[PASS],Encontrados 211 pagos,195,2,20260127,,
Cierre NO existe en DW (validación de faltante),[PASS],Encontrados 0 registros en DW (esperaba 0),,,,2601272003031952,
Detalle del cierre NO existe en DW,[PASS],Encontrados 0 registros en detalle (esperaba 0),195,2,20260127,,
Consistencia de datos (cabecera-detalle),[PASS],Cabecera y detalle: ambos vacíos (correcto),,,,2601272003031952,
Integridad de TODAS las tablas de cierre,[PASS],"Cabecera no existe, ningún dato huérfano detectado",195,2,,,2041.0
Cierre existe en geocom,[PASS],Encontrados 1 registros,199,1,20260110,,
Datos de ventas existen en geocom,[PASS],Encontrados 140 tickets,199,1,20260110,,
Datos de medios pago existen en geocom,[PASS],Encontrados 176 pagos,199,1,20260110,,
Cierre NO existe en DW (validación de faltante),[PASS],Encontrados 0 registros en DW (esperaba 0),,,,2601101906471991,
Detalle del cierre NO existe en DW,[PASS],Encontrados 0 registros en detalle (esperaba 0),199,1,20260110,,
Consistencia de datos (cabecera-detalle),[PASS],Cabecera y detalle: ambos vacíos (correcto),,,,2601101906471991,
Integridad de TODAS las tablas de cierre,[PASS],"Cabecera no existe, ningún dato huérfano detectado",199,1,,,2373.0
Cierre existe en geocom,[PASS],Encontrados 1 registros,204,1,20260121,,
Datos de ventas existen en geocom,[PASS],Encontrados 14 tickets,204,1,20260121,,
Datos de medios pago existen en geocom,[PASS],Encontrados 12 pagos,204,1,20260121,,
Cierre NO existe en DW (validación de faltante),[PASS],Encontrados 0 registros en DW (esperaba 0),,,,2601211630452041,
Detalle del cierre NO existe en DW,[PASS],Encontrados 0 registros en detalle (esperaba 0),204,1,20260121,,
Consistencia de datos (cabecera-detalle),[PASS],Cabecera y detalle: ambos vacíos (correcto),,,,2601211630452041,
Integridad de TODAS las tablas de cierre,[PASS],"Cabecera no existe, ningún dato huérfano detectado",204,1,,,1277.0
Cierre existe en geocom,[PASS],Encontrados 1 registros,204,1,20260206,,
Datos de ventas existen en geocom,[PASS],Encontrados 22 tickets,204,1,20260206,,
Datos de medios pago existen en geocom,[PASS],Encontrados 20 pagos,204,1,20260206,,
Cierre NO existe en DW (validación de faltante),[PASS],Encontrados 0 registros en DW (esperaba 0),,,,2602061806012041,
Detalle del cierre NO existe en DW,[PASS],Encontrados 0 registros en detalle (esperaba 0),204,1,20260206,,
Consistencia de datos (cabecera-detalle),[PASS],Cabecera y detalle: ambos vacíos (correcto),,,,2602061806012041,
Integridad de TODAS las tablas de cierre,[PASS],"Cabecera no existe, ningún dato huérfano detectado",204,1,,,1289.0
Cierre existe en geocom,[PASS],Encontrados 1 registros,204,2,20260206,,
Datos de ventas existen en geocom,[PASS],Encontrados 273 tickets,204,2,20260206,,
Datos de medios pago existen en geocom,[PASS],Encontrados 264 pagos,204,2,20260206,,
Cierre NO existe en DW (validación de faltante),[PASS],Encontrados 0 registros en DW (esperaba 0),,,,2602061906482042,
Detalle del cierre NO existe en DW,[PASS],Encontrados 0 registros en detalle (esperaba 0),204,2,20260206,,
Consistencia de datos (cabecera-detalle),[PASS],Cabecera y detalle: ambos vacíos (correcto),,,,2602061906482042,
Integridad de TODAS las tablas de cierre,[PASS],"Cabecera no existe, ningún dato huérfano detectado",204,2,,,9.0
Cierre existe en geocom,[PASS],Encontrados 1 registros,207,1,20260209,,
Datos de ventas existen en geocom,[PASS],Encontrados 287 tickets,207,1,20260209,,
Datos de medios pago existen en geocom,[PASS],Encontrados 320 pagos,207,1,20260209,,
Cierre NO existe en DW (validación de faltante),[PASS],Encontrados 0 registros en DW (esperaba 0),,,,2602092001452071,
Detalle del cierre NO existe en DW,[PASS],Encontrados 0 registros en detalle (esperaba 0),207,1,20260209,,
Consistencia de datos (cabecera-detalle),[PASS],Cabecera y detalle: ambos vacíos (correcto),,,,2602092001452071,
Integridad de TODAS las tablas de cierre,[PASS],"Cabecera no existe, ningún dato huérfano detectado",207,1,,,199.0
Cierre existe en geocom,[PASS],Encontrados 1 registros,207,1,20260307,,
Datos de ventas existen en geocom,[PASS],Encontrados 66 tickets,207,1,20260307,,
Datos de medios pago existen en geocom,[PASS],Encontrados 79 pagos,207,1,20260307,,
Cierre NO existe en DW (validación de faltante),[PASS],Encontrados 0 registros en DW (esperaba 0),,,,2603071514542071,
Detalle del cierre NO existe en DW,[PASS],Encontrados 0 registros en detalle (esperaba 0),207,1,20260307,,
Consistencia de datos (cabecera-detalle),[PASS],Cabecera y detalle: ambos vacíos (correcto),,,,2603071514542071,
Integridad de TODAS las tablas de cierre,[PASS],"Cabecera no existe, ningún dato huérfano detectado",207,1,,,222.0
Cierre existe en geocom,[PASS],Encontrados 1 registros,208,1,20260121,,
Datos de ventas existen en geocom,[PASS],Encontrados 333 tickets,208,1,20260121,,
Datos de medios pago existen en geocom,[PASS],Encontrados 378 pagos,208,1,20260121,,
Cierre NO existe en DW (validación de faltante),[PASS],Encontrados 0 registros en DW (esperaba 0),,,,2601211823462081,
Detalle del cierre NO existe en DW,[PASS],Encontrados 0 registros en detalle (esperaba 0),208,1,20260121,,
Consistencia de datos (cabecera-detalle),[PASS],Cabecera y detalle: ambos vacíos (correcto),,,,2601211823462081,
Integridad de TODAS las tablas de cierre,[PASS],"Cabecera no existe, ningún dato huérfano detectado",208,1,,,2087.0
Cierre existe en geocom,[PASS],Encontrados 1 registros,211,1,20260121,,
Datos de ventas existen en geocom,[PASS],Encontrados 332 tickets,211,1,20260121,,
Datos de medios pago existen en geocom,[PASS],Encontrados 357 pagos,211,1,20260121,,
Cierre NO existe en DW (validación de faltante),[PASS],Encontrados 0 registros en DW (esperaba 0),,,,2601212000572111,
Detalle del cierre NO existe en DW,[PASS],Encontrados 0 registros en detalle (esperaba 0),211,1,20260121,,
Consistencia de datos (cabecera-detalle),[PASS],Cabecera y detalle: ambos vacíos (correcto),,,,2601212000572111,
Integridad de TODAS las tablas de cierre,[PASS],"Cabecera no existe, ningún dato huérfano detectado",211,1,,,2389.0
Cierre existe en geocom,[PASS],Encontrados 1 registros,211,1,20260122,,
Datos de ventas existen en geocom,[PASS],Encontrados 255 tickets,211,1,20260122,,
Datos de medios pago existen en geocom,[PASS],Encontrados 268 pagos,211,1,20260122,,
Cierre NO existe en DW (validación de faltante),[PASS],Encontrados 0 registros en DW (esperaba 0),,,,2601221938482111,
Detalle del cierre NO existe en DW,[PASS],Encontrados 0 registros en detalle (esperaba 0),211,1,20260122,,
Consistencia de datos (cabecera-detalle),[PASS],Cabecera y detalle: ambos vacíos (correcto),,,,2601221938482111,
Integridad de TODAS las tablas de cierre,[PASS],"Cabecera no existe, ningún dato huérfano detectado",211,1,,,2390.0
Cierre existe en geocom,[PASS],Encontrados 1 registros,211,1,20260206,,
Datos de ventas existen en geocom,[PASS],Encontrados 314 tickets,211,1,20260206,,
Datos de medios pago existen en geocom,[PASS],Encontrados 337 pagos,211,1,20260206,,
Cierre NO existe en DW (validación de faltante),[PASS],Encontrados 0 registros en DW (esperaba 0),,,,2602062004262111,
Detalle del cierre NO existe en DW,[PASS],Encontrados 0 registros en detalle (esperaba 0),211,1,20260206,,
Consistencia de datos (cabecera-detalle),[PASS],Cabecera y detalle: ambos vacíos (correcto),,,,2602062004262111,
Integridad de TODAS las tablas de cierre,[PASS],"Cabecera no existe, ningún dato huérfano detectado",211,1,,,2405.0
Cierre existe en geocom,[PASS],Encontrados 1 registros,211,1,20260307,,
Datos de ventas existen en geocom,[PASS],Encontrados 322 tickets,211,1,20260307,,
Datos de medios pago existen en geocom,[PASS],Encontrados 324 pagos,211,1,20260307,,
Cierre NO existe en DW (validación de faltante),[PASS],Encontrados 0 registros en DW (esperaba 0),,,,2603072056402111,
Detalle del cierre NO existe en DW,[PASS],Encontrados 0 registros en detalle (esperaba 0),211,1,20260307,,
Consistencia de datos (cabecera-detalle),[PASS],Cabecera y detalle: ambos vacíos (correcto),,,,2603072056402111,
Integridad de TODAS las tablas de cierre,[PASS],"Cabecera no existe, ningún dato huérfano detectado",211,1,,,2434.0
Cierre existe en geocom,[PASS],Encontrados 1 registros,211,2,20260307,,
Datos de ventas existen en geocom,[PASS],Encontrados 115 tickets,211,2,20260307,,
Datos de medios pago existen en geocom,[PASS],Encontrados 86 pagos,211,2,20260307,,
Cierre NO existe en DW (validación de faltante),[PASS],Encontrados 0 registros en DW (esperaba 0),,,,2603071931192112,
Detalle del cierre NO existe en DW,[PASS],Encontrados 0 registros en detalle (esperaba 0),211,2,20260307,,
Consistencia de datos (cabecera-detalle),[PASS],Cabecera y detalle: ambos vacíos (correcto),,,,2603071931192112,
Integridad de TODAS las tablas de cierre,[PASS],"Cabecera no existe, ningún dato huérfano detectado",211,2,,,582.0
Cierre existe en geocom,[PASS],Encontrados 1 registros,212,1,20260121,,
Datos de ventas existen en geocom,[PASS],Encontrados 498 tickets,212,1,20260121,,
Datos de medios pago existen en geocom,[PASS],Encontrados 519 pagos,212,1,20260121,,
Cierre NO existe en DW (validación de faltante),[PASS],Encontrados 0 registros en DW (esperaba 0),,,,2601211901452121,
Detalle del cierre NO existe en DW,[PASS],Encontrados 0 registros en detalle (esperaba 0),212,1,20260121,,
Consistencia de datos (cabecera-detalle),[PASS],Cabecera y detalle: ambos vacíos (correcto),,,,2601211901452121,
Integridad de TODAS las tablas de cierre,[PASS],"Cabecera no existe, ningún dato huérfano detectado",212,1,,,1879.0
Cierre existe en geocom,[PASS],Encontrados 1 registros,215,1,20260121,,
Datos de ventas existen en geocom,[PASS],Encontrados 174 tickets,215,1,20260121,,
Datos de medios pago existen en geocom,[PASS],Encontrados 166 pagos,215,1,20260121,,
Cierre NO existe en DW (validación de faltante),[PASS],Encontrados 0 registros en DW (esperaba 0),,,,2601211921472151,
Detalle del cierre NO existe en DW,[PASS],Encontrados 0 registros en detalle (esperaba 0),215,1,20260121,,
Consistencia de datos (cabecera-detalle),[PASS],Cabecera y detalle: ambos vacíos (correcto),,,,2601211921472151,
Integridad de TODAS las tablas de cierre,[PASS],"Cabecera no existe, ningún dato huérfano detectado",215,1,,,856.0
Cierre existe en geocom,[PASS],Encontrados 1 registros,215,2,20260121,,
Datos de ventas existen en geocom,[PASS],Encontrados 355 tickets,215,2,20260121,,
Datos de medios pago existen en geocom,[PASS],Encontrados 400 pagos,215,2,20260121,,
Cierre NO existe en DW (validación de faltante),[PASS],Encontrados 0 registros en DW (esperaba 0),,,,2601212006592152,
Detalle del cierre NO existe en DW,[PASS],Encontrados 0 registros en detalle (esperaba 0),215,2,20260121,,
Consistencia de datos (cabecera-detalle),[PASS],Cabecera y detalle: ambos vacíos (correcto),,,,2601212006592152,
Integridad de TODAS las tablas de cierre,[PASS],"Cabecera no existe, ningún dato huérfano detectado",215,2,,,471.0
Cierre existe en geocom,[PASS],Encontrados 1 registros,216,1,20260121,,
Datos de ventas existen en geocom,[PASS],Encontrados 443 tickets,216,1,20260121,,
Datos de medios pago existen en geocom,[PASS],Encontrados 511 pagos,216,1,20260121,,
Cierre NO existe en DW (validación de faltante),[PASS],Encontrados 0 registros en DW (esperaba 0),,,,2601212016082161,
Detalle del cierre NO existe en DW,[PASS],Encontrados 0 registros en detalle (esperaba 0),216,1,20260121,,
Consistencia de datos (cabecera-detalle),[PASS],Cabecera y detalle: ambos vacíos (correcto),,,,2601212016082161,
Integridad de TODAS las tablas de cierre,[PASS],"Cabecera no existe, ningún dato huérfano detectado",216,1,,,1891.0
Cierre existe en geocom,[PASS],Encontrados 1 registros,216,1,20260216,,
Datos de ventas existen en geocom,[PASS],Encontrados 298 tickets,216,1,20260216,,
Datos de medios pago existen en geocom,[PASS],Encontrados 357 pagos,216,1,20260216,,
Cierre NO existe en DW (validación de faltante),[PASS],Encontrados 0 registros en DW (esperaba 0),,,,2602162047592161,
Detalle del cierre NO existe en DW,[PASS],Encontrados 0 registros en detalle (esperaba 0),216,1,20260216,,
Consistencia de datos (cabecera-detalle),[PASS],Cabecera y detalle: ambos vacíos (correcto),,,,2602162047592161,
Integridad de TODAS las tablas de cierre,[PASS],"Cabecera no existe, ningún dato huérfano detectado",216,1,,,1912.0
Cierre existe en geocom,[PASS],Encontrados 1 registros,216,1,20260219,,
Datos de ventas existen en geocom,[PASS],Encontrados 404 tickets,216,1,20260219,,
Datos de medios pago existen en geocom,[PASS],Encontrados 451 pagos,216,1,20260219,,
Cierre NO existe en DW (validación de faltante),[PASS],Encontrados 0 registros en DW (esperaba 0),,,,2602192046212161,
Detalle del cierre NO existe en DW,[PASS],Encontrados 0 registros en detalle (esperaba 0),216,1,20260219,,
Consistencia de datos (cabecera-detalle),[PASS],Cabecera y detalle: ambos vacíos (correcto),,,,2602192046212161,
Integridad de TODAS las tablas de cierre,[PASS],"Cabecera no existe, ningún dato huérfano detectado",216,1,,,1915.0
Cierre existe en geocom,[PASS],Encontrados 1 registros,216,1,20260303,,
Datos de ventas existen en geocom,[PASS],Encontrados 430 tickets,216,1,20260303,,
Datos de medios pago existen en geocom,[PASS],Encontrados 481 pagos,216,1,20260303,,
Cierre NO existe en DW (validación de faltante),[PASS],Encontrados 0 registros en DW (esperaba 0),,,,2603032012562161,
Detalle del cierre NO existe en DW,[PASS],Encontrados 0 registros en detalle (esperaba 0),216,1,20260303,,
Consistencia de datos (cabecera-detalle),[PASS],Cabecera y detalle: ambos vacíos (correcto),,,,2603032012562161,
Integridad de TODAS las tablas de cierre,[PASS],"Cabecera no existe, ningún dato huérfano detectado",216,1,,,1925.0
Cierre existe en geocom,[PASS],Encontrados 1 registros,216,2,20260216,,
Datos de ventas existen en geocom,[PASS],Encontrados 215 tickets,216,2,20260216,,
Datos de medios pago existen en geocom,[PASS],Encontrados 235 pagos,216,2,20260216,,
Cierre NO existe en DW (validación de faltante),[PASS],Encontrados 0 registros en DW (esperaba 0),,,,2602162036322162,
Detalle del cierre NO existe en DW,[PASS],Encontrados 0 registros en detalle (esperaba 0),216,2,20260216,,
Consistencia de datos (cabecera-detalle),[PASS],Cabecera y detalle: ambos vacíos (correcto),,,,2602162036322162,
Integridad de TODAS las tablas de cierre,[PASS],"Cabecera no existe, ningún dato huérfano detectado",216,2,,,1897.0
Cierre existe en geocom,[PASS],Encontrados 1 registros,217,1,20260121,,
Datos de ventas existen en geocom,[PASS],Encontrados 24 tickets,217,1,20260121,,
Datos de medios pago existen en geocom,[PASS],Encontrados 7 pagos,217,1,20260121,,
Cierre NO existe en DW (validación de faltante),[PASS],Encontrados 0 registros en DW (esperaba 0),,,,2601211852422171,
Detalle del cierre NO existe en DW,[PASS],Encontrados 0 registros en detalle (esperaba 0),217,1,20260121,,
Consistencia de datos (cabecera-detalle),[PASS],Cabecera y detalle: ambos vacíos (correcto),,,,2601211852422171,
Integridad de TODAS las tablas de cierre,[PASS],"Cabecera no existe, ningún dato huérfano detectado",217,1,,,1877.0
Cierre existe en geocom,[PASS],Encontrados 1 registros,217,2,20260121,,
Datos de ventas existen en geocom,[PASS],Encontrados 348 tickets,217,2,20260121,,
Datos de medios pago existen en geocom,[PASS],Encontrados 417 pagos,217,2,20260121,,
Cierre NO existe en DW (validación de faltante),[PASS],Encontrados 0 registros en DW (esperaba 0),,,,2601211851072172,
Detalle del cierre NO existe en DW,[PASS],Encontrados 0 registros en detalle (esperaba 0),217,2,20260121,,
Consistencia de datos (cabecera-detalle),[PASS],Cabecera y detalle: ambos vacíos (correcto),,,,2601211851072172,
Integridad de TODAS las tablas de cierre,[PASS],"Cabecera no existe, ningún dato huérfano detectado",217,2,,,1907.0
Cierre existe en geocom,[PASS],Encontrados 1 registros,220,2,20260303,,
Datos de ventas existen en geocom,[PASS],Encontrados 380 tickets,220,2,20260303,,
Datos de medios pago existen en geocom,[PASS],Encontrados 435 pagos,220,2,20260303,,
Cierre NO existe en DW (validación de faltante),[PASS],Encontrados 0 registros en DW (esperaba 0),,,,2603032001152202,
Detalle del cierre NO existe en DW,[PASS],Encontrados 0 registros en detalle (esperaba 0),220,2,20260303,,
Consistencia de datos (cabecera-detalle),[PASS],Cabecera y detalle: ambos vacíos (correcto),,,,2603032001152202,
Integridad de TODAS las tablas de cierre,[PASS],"Cabecera no existe, ningún dato huérfano detectado",220,2,,,1403.0
Cierre existe en geocom,[PASS],Encontrados 1 registros,222,2,20260121,,
Datos de ventas existen en geocom,[PASS],Encontrados 349 tickets,222,2,20260121,,
Datos de medios pago existen en geocom,[PASS],Encontrados 357 pagos,222,2,20260121,,
Cierre NO existe en DW (validación de faltante),[PASS],Encontrados 0 registros en DW (esperaba 0),,,,2601211558502222,
Detalle del cierre NO existe en DW,[PASS],Encontrados 0 registros en detalle (esperaba 0),222,2,20260121,,
Consistencia de datos (cabecera-detalle),[PASS],Cabecera y detalle: ambos vacíos (correcto),,,,2601211558502222,
Integridad de TODAS las tablas de cierre,[PASS],"Cabecera no existe, ningún dato huérfano detectado",222,2,,,1495.0
Cierre existe en geocom,[PASS],Encontrados 1 registros,224,1,20260121,,
Datos de ventas existen en geocom,[PASS],Encontrados 122 tickets,224,1,20260121,,
Datos de medios pago existen en geocom,[PASS],Encontrados 123 pagos,224,1,20260121,,
Cierre NO existe en DW (validación de faltante),[PASS],Encontrados 0 registros en DW (esperaba 0),,,,2601211752312241,
Detalle del cierre NO existe en DW,[PASS],Encontrados 0 registros en detalle (esperaba 0),224,1,20260121,,
Consistencia de datos (cabecera-detalle),[PASS],Cabecera y detalle: ambos vacíos (correcto),,,,2601211752312241,
Integridad de TODAS las tablas de cierre,[PASS],"Cabecera no existe, ningún dato huérfano detectado",224,1,,,1310.0
Cierre existe en geocom,[PASS],Encontrados 1 registros,227,1,20260121,,
Datos de ventas existen en geocom,[PASS],Encontrados 278 tickets,227,1,20260121,,
Datos de medios pago existen en geocom,[PASS],Encontrados 303 pagos,227,1,20260121,,
Cierre NO existe en DW (validación de faltante),[PASS],Encontrados 0 registros en DW (esperaba 0),,,,2601212004202271,
Detalle del cierre NO existe en DW,[PASS],Encontrados 0 registros en detalle (esperaba 0),227,1,20260121,,
Consistencia de datos (cabecera-detalle),[PASS],Cabecera y detalle: ambos vacíos (correcto),,,,2601212004202271,
Integridad de TODAS las tablas de cierre,[PASS],"Cabecera no existe, ningún dato huérfano detectado",227,1,,,1406.0
Cierre existe en geocom,[PASS],Encontrados 1 registros,227,1,20260123,,
Datos de ventas existen en geocom,[PASS],Encontrados 246 tickets,227,1,20260123,,
Datos de medios pago existen en geocom,[PASS],Encontrados 286 pagos,227,1,20260123,,
Cierre NO existe en DW (validación de faltante),[PASS],Encontrados 0 registros en DW (esperaba 0),,,,2601232000242271,
Detalle del cierre NO existe en DW,[PASS],Encontrados 0 registros en detalle (esperaba 0),227,1,20260123,,
Consistencia de datos (cabecera-detalle),[PASS],Cabecera y detalle: ambos vacíos (correcto),,,,2601232000242271,
Integridad de TODAS las tablas de cierre,[PASS],"Cabecera no existe, ningún dato huérfano detectado",227,1,,,1408.0
Cierre existe en geocom,[PASS],Encontrados 1 registros,227,1,20260206,,
Datos de ventas existen en geocom,[PASS],Encontrados 317 tickets,227,1,20260206,,
Datos de medios pago existen en geocom,[PASS],Encontrados 341 pagos,227,1,20260206,,
Cierre NO existe en DW (validación de faltante),[PASS],Encontrados 0 registros en DW (esperaba 0),,,,2602061948222271,
Detalle del cierre NO existe en DW,[PASS],Encontrados 0 registros en detalle (esperaba 0),227,1,20260206,,
Consistencia de datos (cabecera-detalle),[PASS],Cabecera y detalle: ambos vacíos (correcto),,,,2602061948222271,
Integridad de TODAS las tablas de cierre,[PASS],"Cabecera no existe, ningún dato huérfano detectado",227,1,,,1420.0
Cierre existe en geocom,[PASS],Encontrados 1 registros,229,1,20260209,,
Datos de ventas existen en geocom,[PASS],Encontrados 243 tickets,229,1,20260209,,
Datos de medios pago existen en geocom,[PASS],Encontrados 262 pagos,229,1,20260209,,
Cierre NO existe en DW (validación de faltante),[PASS],Encontrados 0 registros en DW (esperaba 0),,,,2602091503592291,
Detalle del cierre NO existe en DW,[PASS],Encontrados 0 registros en detalle (esperaba 0),229,1,20260209,,
Consistencia de datos (cabecera-detalle),[PASS],Cabecera y detalle: ambos vacíos (correcto),,,,2602091503592291,
Integridad de TODAS las tablas de cierre,[PASS],"Cabecera no existe, ningún dato huérfano detectado",229,1,,,1314.0
Cierre existe en geocom,[PASS],Encontrados 1 registros,229,2,20260121,,
Datos de ventas existen en geocom,[PASS],Encontrados 231 tickets,229,2,20260121,,
Datos de medios pago existen en geocom,[PASS],Encontrados 220 pagos,229,2,20260121,,
Cierre NO existe en DW (validación de faltante),[PASS],Encontrados 0 registros en DW (esperaba 0),,,,2601211909402292,
Detalle del cierre NO existe en DW,[PASS],Encontrados 0 registros en detalle (esperaba 0),229,2,20260121,,
Consistencia de datos (cabecera-detalle),[PASS],Cabecera y detalle: ambos vacíos (correcto),,,,2601211909402292,
Integridad de TODAS las tablas de cierre,[PASS],"Cabecera no existe, ningún dato huérfano detectado",229,2,,,36.0
Cierre existe en geocom,[PASS],Encontrados 1 registros,229,2,20260209,,
Datos de ventas existen en geocom,[PASS],Encontrados 89 tickets,229,2,20260209,,
Datos de medios pago existen en geocom,[PASS],Encontrados 84 pagos,229,2,20260209,,
Cierre NO existe en DW (validación de faltante),[PASS],Encontrados 0 registros en DW (esperaba 0),,,,2602091609022292,
Detalle del cierre NO existe en DW,[PASS],Encontrados 0 registros en detalle (esperaba 0),229,2,20260209,,
Consistencia de datos (cabecera-detalle),[PASS],Cabecera y detalle: ambos vacíos (correcto),,,,2602091609022292,
Integridad de TODAS las tablas de cierre,[PASS],"Cabecera no existe, ningún dato huérfano detectado",229,2,,,51.0
Cierre existe en geocom,[PASS],Encontrados 1 registros,230,2,20260121,,
Datos de ventas existen en geocom,[PASS],Encontrados 353 tickets,230,2,20260121,,
Datos de medios pago existen en geocom,[PASS],Encontrados 378 pagos,230,2,20260121,,
Cierre NO existe en DW (validación de faltante),[PASS],Encontrados 0 registros en DW (esperaba 0),,,,2601212004382302,
Detalle del cierre NO existe en DW,[PASS],Encontrados 0 registros en detalle (esperaba 0),230,2,20260121,,
Consistencia de datos (cabecera-detalle),[PASS],Cabecera y detalle: ambos vacíos (correcto),,,,2601212004382302,
Integridad de TODAS las tablas de cierre,[PASS],"Cabecera no existe, ningún dato huérfano detectado",230,2,,,1176.0
Cierre existe en geocom,[PASS],Encontrados 1 registros,231,1,20260206,,
Datos de ventas existen en geocom,[PASS],Encontrados 1 tickets,231,1,20260206,,
Datos de medios pago existen en geocom,[WARNING],Encontrados 0 pagos,231,1,20260206,,
Cierre NO existe en DW (validación de faltante),[PASS],Encontrados 0 registros en DW (esperaba 0),,,,2602061921552311,
Detalle del cierre NO existe en DW,[PASS],Encontrados 0 registros en detalle (esperaba 0),231,1,20260206,,
Consistencia de datos (cabecera-detalle),[PASS],Cabecera y detalle: ambos vacíos (correcto),,,,2602061921552311,
Integridad de TODAS las tablas de cierre,[PASS],"Cabecera no existe, ningún dato huérfano detectado",231,1,,,367.0
Cierre existe en geocom,[PASS],Encontrados 1 registros,232,1,20260128,,
Datos de ventas existen en geocom,[PASS],Encontrados 315 tickets,232,1,20260128,,
Datos de medios pago existen en geocom,[PASS],Encontrados 328 pagos,232,1,20260128,,
Cierre NO existe en DW (validación de faltante),[PASS],Encontrados 0 registros en DW (esperaba 0),,,,2601282029032321,
Detalle del cierre NO existe en DW,[PASS],Encontrados 0 registros en detalle (esperaba 0),232,1,20260128,,
Consistencia de datos (cabecera-detalle),[PASS],Cabecera y detalle: ambos vacíos (correcto),,,,2601282029032321,
Integridad de TODAS las tablas de cierre,[PASS],"Cabecera no existe, ningún dato huérfano detectado",232,1,,,755.0
Cierre existe en geocom,[PASS],Encontrados 1 registros,232,1,20260220,,
Datos de ventas existen en geocom,[PASS],Encontrados 424 tickets,232,1,20260220,,
Datos de medios pago existen en geocom,[PASS],Encontrados 426 pagos,232,1,20260220,,
Cierre NO existe en DW (validación de faltante),[PASS],Encontrados 0 registros en DW (esperaba 0),,,,2602202041312321,
Detalle del cierre NO existe en DW,[PASS],Encontrados 0 registros en detalle (esperaba 0),232,1,20260220,,
Consistencia de datos (cabecera-detalle),[PASS],Cabecera y detalle: ambos vacíos (correcto),,,,2602202041312321,
Integridad de TODAS las tablas de cierre,[PASS],"Cabecera no existe, ningún dato huérfano detectado",232,1,,,778.0
Cierre existe en geocom,[PASS],Encontrados 1 registros,232,1,20260309,,
Datos de ventas existen en geocom,[PASS],Encontrados 357 tickets,232,1,20260309,,
Datos de medios pago existen en geocom,[PASS],Encontrados 364 pagos,232,1,20260309,,
Cierre NO existe en DW (validación de faltante),[PASS],Encontrados 0 registros en DW (esperaba 0),,,,2603092134182321,
Detalle del cierre NO existe en DW,[PASS],Encontrados 0 registros en detalle (esperaba 0),232,1,20260309,,
Consistencia de datos (cabecera-detalle),[PASS],Cabecera y detalle: ambos vacíos (correcto),,,,2603092134182321,
Integridad de TODAS las tablas de cierre,[PASS],"Cabecera no existe, ningún dato huérfano detectado",232,1,,,795.0
Cierre existe en geocom,[PASS],Encontrados 1 registros,232,1,20260313,,
Datos de ventas existen en geocom,[PASS],Encontrados 376 tickets,232,1,20260313,,
Datos de medios pago existen en geocom,[PASS],Encontrados 388 pagos,232,1,20260313,,
Cierre NO existe en DW (validación de faltante),[PASS],Encontrados 0 registros en DW (esperaba 0),,,,2603132127402321,
Detalle del cierre NO existe en DW,[PASS],Encontrados 0 registros en detalle (esperaba 0),232,1,20260313,,
Consistencia de datos (cabecera-detalle),[PASS],Cabecera y detalle: ambos vacíos (correcto),,,,2603132127402321,
Integridad de TODAS las tablas de cierre,[PASS],"Cabecera no existe, ningún dato huérfano detectado",232,1,,,799.0
Cierre existe en geocom,[PASS],Encontrados 1 registros,234,1,20260121,,
Datos de ventas existen en geocom,[PASS],Encontrados 889 tickets,234,1,20260121,,
Datos de medios pago existen en geocom,[PASS],Encontrados 1040 pagos,234,1,20260121,,
Cierre NO existe en DW (validación de faltante),[PASS],Encontrados 0 registros en DW (esperaba 0),,,,2601212001362341,
Detalle del cierre NO existe en DW,[PASS],Encontrados 0 registros en detalle (esperaba 0),234,1,20260121,,
Consistencia de datos (cabecera-detalle),[PASS],Cabecera y detalle: ambos vacíos (correcto),,,,2601212001362341,
Integridad de TODAS las tablas de cierre,[PASS],"Cabecera no existe, ningún dato huérfano detectado",234,1,,,1226.0
Cierre existe en geocom,[PASS],Encontrados 1 registros,236,1,20260121,,
Datos de ventas existen en geocom,[PASS],Encontrados 335 tickets,236,1,20260121,,
Datos de medios pago existen en geocom,[PASS],Encontrados 350 pagos,236,1,20260121,,
Cierre NO existe en DW (validación de faltante),[PASS],Encontrados 0 registros en DW (esperaba 0),,,,2601212008562361,
Detalle del cierre NO existe en DW,[PASS],Encontrados 0 registros en detalle (esperaba 0),236,1,20260121,,
Consistencia de datos (cabecera-detalle),[PASS],Cabecera y detalle: ambos vacíos (correcto),,,,2601212008562361,
Integridad de TODAS las tablas de cierre,[PASS],"Cabecera no existe, ningún dato huérfano detectado",236,1,,,816.0
Cierre existe en geocom,[PASS],Encontrados 1 registros,236,1,20260125,,
Datos de ventas existen en geocom,[PASS],Encontrados 316 tickets,236,1,20260125,,
Datos de medios pago existen en geocom,[PASS],Encontrados 372 pagos,236,1,20260125,,
Cierre NO existe en DW (validación de faltante),[PASS],Encontrados 0 registros en DW (esperaba 0),,,,2601252056202361,
Detalle del cierre NO existe en DW,[PASS],Encontrados 0 registros en detalle (esperaba 0),236,1,20260125,,
Consistencia de datos (cabecera-detalle),[PASS],Cabecera y detalle: ambos vacíos (correcto),,,,2601252056202361,
Integridad de TODAS las tablas de cierre,[PASS],"Cabecera no existe, ningún dato huérfano detectado",236,1,,,820.0
Cierre existe en geocom,[PASS],Encontrados 1 registros,236,1,20260205,,
Datos de ventas existen en geocom,[WARNING],Encontrados 0 tickets,236,1,20260205,,
Datos de medios pago existen en geocom,[WARNING],Encontrados 0 pagos,236,1,20260205,,
Cierre NO existe en DW (validación de faltante),[PASS],Encontrados 0 registros en DW (esperaba 0),,,,2602052025412361,
Detalle del cierre NO existe en DW,[PASS],Encontrados 0 registros en detalle (esperaba 0),236,1,20260205,,
Consistencia de datos (cabecera-detalle),[PASS],Cabecera y detalle: ambos vacíos (correcto),,,,2602052025412361,
Integridad de TODAS las tablas de cierre,[PASS],"Cabecera no existe, ningún dato huérfano detectado",236,1,,,833.0
Cierre existe en geocom,[PASS],Encontrados 1 registros,236,1,20260205,,
Datos de ventas existen en geocom,[WARNING],Encontrados 0 tickets,236,1,20260205,,
Datos de medios pago existen en geocom,[WARNING],Encontrados 0 pagos,236,1,20260205,,
Cierre NO existe en DW (validación de faltante),[PASS],Encontrados 0 registros en DW (esperaba 0),,,,2602052031472361,
Detalle del cierre NO existe en DW,[PASS],Encontrados 0 registros en detalle (esperaba 0),236,1,20260205,,
Consistencia de datos (cabecera-detalle),[PASS],Cabecera y detalle: ambos vacíos (correcto),,,,2602052031472361,
Integridad de TODAS las tablas de cierre,[PASS],"Cabecera no existe, ningún dato huérfano detectado",236,1,,,834.0
Cierre existe en geocom,[PASS],Encontrados 1 registros,238,2,20260116,,
Datos de ventas existen en geocom,[WARNING],Encontrados 0 tickets,238,2,20260116,,
Datos de medios pago existen en geocom,[WARNING],Encontrados 0 pagos,238,2,20260116,,
Cierre NO existe en DW (validación de faltante),[PASS],Encontrados 0 registros en DW (esperaba 0),,,,2601161518552382,
Detalle del cierre NO existe en DW,[PASS],Encontrados 0 registros en detalle (esperaba 0),238,2,20260116,,
Consistencia de datos (cabecera-detalle),[PASS],Cabecera y detalle: ambos vacíos (correcto),,,,2601161518552382,
Integridad de TODAS las tablas de cierre,[PASS],"Cabecera no existe, ningún dato huérfano detectado",238,2,,,265.0
Cierre existe en geocom,[PASS],Encontrados 1 registros,248,2,20260303,,
Datos de ventas existen en geocom,[WARNING],Encontrados 0 tickets,248,2,20260303,,
Datos de medios pago existen en geocom,[WARNING],Encontrados 0 pagos,248,2,20260303,,
Cierre NO existe en DW (validación de faltante),[PASS],Encontrados 0 registros en DW (esperaba 0),,,,2603032047172482,
Detalle del cierre NO existe en DW,[PASS],Encontrados 0 registros en detalle (esperaba 0),248,2,20260303,,
Consistencia de datos (cabecera-detalle),[PASS],Cabecera y detalle: ambos vacíos (correcto),,,,2603032047172482,
Integridad de TODAS las tablas de cierre,[PASS],"Cabecera no existe, ningún dato huérfano detectado",248,2,,,551.0
Cierre existe en geocom,[PASS],Encontrados 1 registros,249,1,20260124,,
Datos de ventas existen en geocom,[WARNING],Encontrados 0 tickets,249,1,20260124,,
Datos de medios pago existen en geocom,[WARNING],Encontrados 0 pagos,249,1,20260124,,
Cierre NO existe en DW (validación de faltante),[PASS],Encontrados 0 registros en DW (esperaba 0),,,,2601241317232491,
Detalle del cierre NO existe en DW,[PASS],Encontrados 0 registros en detalle (esperaba 0),249,1,20260124,,
Consistencia de datos (cabecera-detalle),[PASS],Cabecera y detalle: ambos vacíos (correcto),,,,2601241317232491,
Integridad de TODAS las tablas de cierre,[PASS],"Cabecera no existe, ningún dato huérfano detectado",249,1,,,210.0
Cierre existe en geocom,[PASS],Encontrados 1 registros,249,1,20260130,,
Datos de ventas existen en geocom,[WARNING],Encontrados 0 tickets,249,1,20260130,,
Datos de medios pago existen en geocom,[WARNING],Encontrados 0 pagos,249,1,20260130,,
Cierre NO existe en DW (validación de faltante),[PASS],Encontrados 0 registros en DW (esperaba 0),,,,2601301702592491,
Detalle del cierre NO existe en DW,[PASS],Encontrados 0 registros en detalle (esperaba 0),249,1,20260130,,
Consistencia de datos (cabecera-detalle),[PASS],Cabecera y detalle: ambos vacíos (correcto),,,,2601301702592491,
Integridad de TODAS las tablas de cierre,[PASS],"Cabecera no existe, ningún dato huérfano detectado",249,1,,,211.0
Cierre existe en geocom,[PASS],Encontrados 1 registros,249,1,20260302,,
Datos de ventas existen en geocom,[PASS],Encontrados 113 tickets,249,1,20260302,,
Datos de medios pago existen en geocom,[PASS],Encontrados 90 pagos,249,1,20260302,,
Cierre NO existe en DW (validación de faltante),[PASS],Encontrados 0 registros en DW (esperaba 0),,,,2603021826502491,
Detalle del cierre NO existe en DW,[PASS],Encontrados 0 registros en detalle (esperaba 0),249,1,20260302,,
Consistencia de datos (cabecera-detalle),[PASS],Cabecera y detalle: ambos vacíos (correcto),,,,2603021826502491,
Integridad de TODAS las tablas de cierre,[PASS],"Cabecera no existe, ningún dato huérfano detectado",249,1,,,212.0
Cierre existe en geocom,[PASS],Encontrados 1 registros,249,1,20260303,,
Datos de ventas existen en geocom,[PASS],Encontrados 34 tickets,249,1,20260303,,
Datos de medios pago existen en geocom,[PASS],Encontrados 23 pagos,249,1,20260303,,
Cierre NO existe en DW (validación de faltante),[PASS],Encontrados 0 registros en DW (esperaba 0),,,,2603031339502491,
Detalle del cierre NO existe en DW,[PASS],Encontrados 0 registros en detalle (esperaba 0),249,1,20260303,,
Consistencia de datos (cabecera-detalle),[PASS],Cabecera y detalle: ambos vacíos (correcto),,,,2603031339502491,
Integridad de TODAS las tablas de cierre,[PASS],"Cabecera no existe, ningún dato huérfano detectado",249,1,,,213.0
Cierre existe en geocom,[PASS],Encontrados 1 registros,249,1,20260304,,
Datos de ventas existen en geocom,[PASS],Encontrados 27 tickets,249,1,20260304,,
Datos de medios pago existen en geocom,[PASS],Encontrados 18 pagos,249,1,20260304,,
Cierre NO existe en DW (validación de faltante),[PASS],Encontrados 0 registros en DW (esperaba 0),,,,2603041443402491,
Detalle del cierre NO existe en DW,[PASS],Encontrados 0 registros en detalle (esperaba 0),249,1,20260304,,
Consistencia de datos (cabecera-detalle),[PASS],Cabecera y detalle: ambos vacíos (correcto),,,,2603041443402491,
Integridad de TODAS las tablas de cierre,[PASS],"Cabecera no existe, ningún dato huérfano detectado",249,1,,,214.0
Cierre existe en geocom,[PASS],Encontrados 1 registros,249,2,20260103,,
Datos de ventas existen en geocom,[PASS],Encontrados 48 tickets,249,2,20260103,,
Datos de medios pago existen en geocom,[PASS],Encontrados 50 pagos,249,2,20260103,,
Cierre NO existe en DW (validación de faltante),[PASS],Encontrados 0 registros en DW (esperaba 0),,,,2601031204222492,
Detalle del cierre NO existe en DW,[PASS],Encontrados 0 registros en detalle (esperaba 0),249,2,20260103,,
Consistencia de datos (cabecera-detalle),[PASS],Cabecera y detalle: ambos vacíos (correcto),,,,2601031204222492,
Integridad de TODAS las tablas de cierre,[PASS],"Cabecera no existe, ningún dato huérfano detectado",249,2,,,493.0
Cierre existe en geocom,[PASS],Encontrados 1 registros,249,2,20260124,,
Datos de ventas existen en geocom,[PASS],Encontrados 39 tickets,249,2,20260124,,
Datos de medios pago existen en geocom,[PASS],Encontrados 43 pagos,249,2,20260124,,
Cierre NO existe en DW (validación de faltante),[PASS],Encontrados 0 registros en DW (esperaba 0),,,,2601241109392492,
Detalle del cierre NO existe en DW,[PASS],Encontrados 0 registros en detalle (esperaba 0),249,2,20260124,,
Consistencia de datos (cabecera-detalle),[PASS],Cabecera y detalle: ambos vacíos (correcto),,,,2601241109392492,
Integridad de TODAS las tablas de cierre,[PASS],"Cabecera no existe, ningún dato huérfano detectado",249,2,,,511.0
Cierre existe en geocom,[PASS],Encontrados 1 registros,249,2,20260302,,
Datos de ventas existen en geocom,[PASS],Encontrados 346 tickets,249,2,20260302,,
Datos de medios pago existen en geocom,[PASS],Encontrados 428 pagos,249,2,20260302,,
Cierre NO existe en DW (validación de faltante),[PASS],Encontrados 0 registros en DW (esperaba 0),,,,2603022004422492,
Detalle del cierre NO existe en DW,[PASS],Encontrados 0 registros en detalle (esperaba 0),249,2,20260302,,
Consistencia de datos (cabecera-detalle),[PASS],Cabecera y detalle: ambos vacíos (correcto),,,,2603022004422492,
Integridad de TODAS las tablas de cierre,[PASS],"Cabecera no existe, ningún dato huérfano detectado",249,2,,,520.0
Cierre existe en geocom,[PASS],Encontrados 1 registros,249,2,20260303,,
Datos de ventas existen en geocom,[PASS],Encontrados 435 tickets,249,2,20260303,,
Datos de medios pago existen en geocom,[PASS],Encontrados 513 pagos,249,2,20260303,,
Cierre NO existe en DW (validación de faltante),[PASS],Encontrados 0 registros en DW (esperaba 0),,,,2603032031232492,
Detalle del cierre NO existe en DW,[PASS],Encontrados 0 registros en detalle (esperaba 0),249,2,20260303,,
Consistencia de datos (cabecera-detalle),[PASS],Cabecera y detalle: ambos vacíos (correcto),,,,2603032031232492,
Integridad de TODAS las tablas de cierre,[PASS],"Cabecera no existe, ningún dato huérfano detectado",249,2,,,521.0
Cierre existe en geocom,[PASS],Encontrados 1 registros,252,2,20260302,,
Datos de ventas existen en geocom,[PASS],Encontrados 39 tickets,252,2,20260302,,
Datos de medios pago existen en geocom,[PASS],Encontrados 34 pagos,252,2,20260302,,
Cierre NO existe en DW (validación de faltante),[PASS],Encontrados 0 registros en DW (esperaba 0),,,,2603021957122522,
Detalle del cierre NO existe en DW,[PASS],Encontrados 0 registros en detalle (esperaba 0),252,2,20260302,,
Consistencia de datos (cabecera-detalle),[PASS],Cabecera y detalle: ambos vacíos (correcto),,,,2603021957122522,
Integridad de TODAS las tablas de cierre,[PASS],"Cabecera no existe, ningún dato huérfano detectado",252,2,,,685.0
Cierre existe en geocom,[PASS],Encontrados 1 registros,254,1,20260228,,
Datos de ventas existen en geocom,[PASS],Encontrados 77 tickets,254,1,20260228,,
Datos de medios pago existen en geocom,[PASS],Encontrados 81 pagos,254,1,20260228,,
Cierre NO existe en DW (validación de faltante),[PASS],Encontrados 0 registros en DW (esperaba 0),,,,2602281304542541,
Detalle del cierre NO existe en DW,[PASS],Encontrados 0 registros en detalle (esperaba 0),254,1,20260228,,
Consistencia de datos (cabecera-detalle),[PASS],Cabecera y detalle: ambos vacíos (correcto),,,,2602281304542541,
Integridad de TODAS las tablas de cierre,[PASS],"Cabecera no existe, ningún dato huérfano detectado",254,1,,,1100.0
Cierre existe en geocom,[PASS],Encontrados 1 registros,258,1,20260108,,
Datos de ventas existen en geocom,[PASS],Encontrados 37 tickets,258,1,20260108,,
Datos de medios pago existen en geocom,[PASS],Encontrados 19 pagos,258,1,20260108,,
Cierre NO existe en DW (validación de faltante),[PASS],Encontrados 0 registros en DW (esperaba 0),,,,2601082035332581,
Detalle del cierre NO existe en DW,[PASS],Encontrados 0 registros en detalle (esperaba 0),258,1,20260108,,
Consistencia de datos (cabecera-detalle),[PASS],Cabecera y detalle: ambos vacíos (correcto),,,,2601082035332581,
Integridad de TODAS las tablas de cierre,[PASS],"Cabecera no existe, ningún dato huérfano detectado",258,1,,,1078.0
Cierre existe en geocom,[PASS],Encontrados 1 registros,258,1,20260123,,
Datos de ventas existen en geocom,[PASS],Encontrados 44 tickets,258,1,20260123,,
Datos de medios pago existen en geocom,[PASS],Encontrados 29 pagos,258,1,20260123,,
Cierre NO existe en DW (validación de faltante),[PASS],Encontrados 0 registros en DW (esperaba 0),,,,2601232028522581,
Detalle del cierre NO existe en DW,[PASS],Encontrados 0 registros en detalle (esperaba 0),258,1,20260123,,
Consistencia de datos (cabecera-detalle),[PASS],Cabecera y detalle: ambos vacíos (correcto),,,,2601232028522581,
Integridad de TODAS las tablas de cierre,[PASS],"Cabecera no existe, ningún dato huérfano detectado",258,1,,,1093.0
Cierre existe en geocom,[PASS],Encontrados 1 registros,258,1,20260125,,
Datos de ventas existen en geocom,[PASS],Encontrados 23 tickets,258,1,20260125,,
Datos de medios pago existen en geocom,[PASS],Encontrados 11 pagos,258,1,20260125,,
Cierre NO existe en DW (validación de faltante),[PASS],Encontrados 0 registros en DW (esperaba 0),,,,2601251846182581,
Detalle del cierre NO existe en DW,[PASS],Encontrados 0 registros en detalle (esperaba 0),258,1,20260125,,
Consistencia de datos (cabecera-detalle),[PASS],Cabecera y detalle: ambos vacíos (correcto),,,,2601251846182581,
Integridad de TODAS las tablas de cierre,[PASS],"Cabecera no existe, ningún dato huérfano detectado",258,1,,,1095.0
Cierre existe en geocom,[PASS],Encontrados 1 registros,258,1,20260201,,
Datos de ventas existen en geocom,[PASS],Encontrados 12 tickets,258,1,20260201,,
Datos de medios pago existen en geocom,[PASS],Encontrados 4 pagos,258,1,20260201,,
Cierre NO existe en DW (validación de faltante),[PASS],Encontrados 0 registros en DW (esperaba 0),,,,2602011823252581,
Detalle del cierre NO existe en DW,[PASS],Encontrados 0 registros en detalle (esperaba 0),258,1,20260201,,
Consistencia de datos (cabecera-detalle),[PASS],Cabecera y detalle: ambos vacíos (correcto),,,,2602011823252581,
Integridad de TODAS las tablas de cierre,[PASS],"Cabecera no existe, ningún dato huérfano detectado",258,1,,,1102.0
Cierre existe en geocom,[PASS],Encontrados 1 registros,258,1,20260225,,
Datos de ventas existen en geocom,[PASS],Encontrados 40 tickets,258,1,20260225,,
Datos de medios pago existen en geocom,[PASS],Encontrados 24 pagos,258,1,20260225,,
Cierre NO existe en DW (validación de faltante),[PASS],Encontrados 0 registros en DW (esperaba 0),,,,2602251956202581,
Detalle del cierre NO existe en DW,[PASS],Encontrados 0 registros en detalle (esperaba 0),258,1,20260225,,
Consistencia de datos (cabecera-detalle),[PASS],Cabecera y detalle: ambos vacíos (correcto),,,,2602251956202581,
Integridad de TODAS las tablas de cierre,[PASS],"Cabecera no existe, ningún dato huérfano detectado",258,1,,,1126.0
Cierre existe en geocom,[PASS],Encontrados 1 registros,258,2,20260108,,
Datos de ventas existen en geocom,[PASS],Encontrados 397 tickets,258,2,20260108,,
Datos de medios pago existen en geocom,[PASS],Encontrados 416 pagos,258,2,20260108,,
Cierre NO existe en DW (validación de faltante),[PASS],Encontrados 0 registros en DW (esperaba 0),,,,2601082036492582,
Detalle del cierre NO existe en DW,[PASS],Encontrados 0 registros en detalle (esperaba 0),258,2,20260108,,
Consistencia de datos (cabecera-detalle),[PASS],Cabecera y detalle: ambos vacíos (correcto),,,,2601082036492582,
Integridad de TODAS las tablas de cierre,[PASS],"Cabecera no existe, ningún dato huérfano detectado",258,2,,,1037.0
Cierre existe en geocom,[PASS],Encontrados 1 registros,258,2,20260123,,
Datos de ventas existen en geocom,[PASS],Encontrados 297 tickets,258,2,20260123,,
Datos de medios pago existen en geocom,[PASS],Encontrados 319 pagos,258,2,20260123,,
Cierre NO existe en DW (validación de faltante),[PASS],Encontrados 0 registros en DW (esperaba 0),,,,2601232030222582,
Detalle del cierre NO existe en DW,[PASS],Encontrados 0 registros en detalle (esperaba 0),258,2,20260123,,
Consistencia de datos (cabecera-detalle),[PASS],Cabecera y detalle: ambos vacíos (correcto),,,,2601232030222582,
Integridad de TODAS las tablas de cierre,[PASS],"Cabecera no existe, ningún dato huérfano detectado",258,2,,,1052.0
Cierre existe en geocom,[PASS],Encontrados 1 registros,258,2,20260124,,
Datos de ventas existen en geocom,[PASS],Encontrados 262 tickets,258,2,20260124,,
Datos de medios pago existen en geocom,[PASS],Encontrados 286 pagos,258,2,20260124,,
Cierre NO existe en DW (validación de faltante),[PASS],Encontrados 0 registros en DW (esperaba 0),,,,2601242029332582,
Detalle del cierre NO existe en DW,[PASS],Encontrados 0 registros en detalle (esperaba 0),258,2,20260124,,
Consistencia de datos (cabecera-detalle),[PASS],Cabecera y detalle: ambos vacíos (correcto),,,,2601242029332582,
Integridad de TODAS las tablas de cierre,[PASS],"Cabecera no existe, ningún dato huérfano detectado",258,2,,,1053.0
Cierre existe en geocom,[PASS],Encontrados 1 registros,258,2,20260201,,
Datos de ventas existen en geocom,[PASS],Encontrados 286 tickets,258,2,20260201,,
Datos de medios pago existen en geocom,[PASS],Encontrados 299 pagos,258,2,20260201,,
Cierre NO existe en DW (validación de faltante),[PASS],Encontrados 0 registros en DW (esperaba 0),,,,2602011912282582,
Detalle del cierre NO existe en DW,[PASS],Encontrados 0 registros en detalle (esperaba 0),258,2,20260201,,
Consistencia de datos (cabecera-detalle),[PASS],Cabecera y detalle: ambos vacíos (correcto),,,,2602011912282582,
Integridad de TODAS las tablas de cierre,[PASS],"Cabecera no existe, ningún dato huérfano detectado",258,2,,,1061.0
Cierre existe en geocom,[PASS],Encontrados 1 registros,258,2,20260202,,
Datos de ventas existen en geocom,[PASS],Encontrados 357 tickets,258,2,20260202,,
Datos de medios pago existen en geocom,[PASS],Encontrados 354 pagos,258,2,20260202,,
Cierre NO existe en DW (validación de faltante),[PASS],Encontrados 0 registros en DW (esperaba 0),,,,2602022003192582,
Detalle del cierre NO existe en DW,[PASS],Encontrados 0 registros en detalle (esperaba 0),258,2,20260202,,
Consistencia de datos (cabecera-detalle),[PASS],Cabecera y detalle: ambos vacíos (correcto),,,,2602022003192582,
Integridad de TODAS las tablas de cierre,[PASS],"Cabecera no existe, ningún dato huérfano detectado",258,2,,,1062.0
Cierre existe en geocom,[PASS],Encontrados 1 registros,258,2,20260207,,
Datos de ventas existen en geocom,[PASS],Encontrados 344 tickets,258,2,20260207,,
Datos de medios pago existen en geocom,[PASS],Encontrados 380 pagos,258,2,20260207,,
Cierre NO existe en DW (validación de faltante),[PASS],Encontrados 0 registros en DW (esperaba 0),,,,2602072029172582,
Detalle del cierre NO existe en DW,[PASS],Encontrados 0 registros en detalle (esperaba 0),258,2,20260207,,
Consistencia de datos (cabecera-detalle),[PASS],Cabecera y detalle: ambos vacíos (correcto),,,,2602072029172582,
Integridad de TODAS las tablas de cierre,[PASS],"Cabecera no existe, ningún dato huérfano detectado",258,2,,,1067.0
Cierre existe en geocom,[PASS],Encontrados 1 registros,258,2,20260213,,
Datos de ventas existen en geocom,[PASS],Encontrados 204 tickets,258,2,20260213,,
Datos de medios pago existen en geocom,[PASS],Encontrados 227 pagos,258,2,20260213,,
Cierre NO existe en DW (validación de faltante),[PASS],Encontrados 0 registros en DW (esperaba 0),,,,2602131959352582,
Detalle del cierre NO existe en DW,[PASS],Encontrados 0 registros en detalle (esperaba 0),258,2,20260213,,
Consistencia de datos (cabecera-detalle),[PASS],Cabecera y detalle: ambos vacíos (correcto),,,,2602131959352582,
Integridad de TODAS las tablas de cierre,[PASS],"Cabecera no existe, ningún dato huérfano detectado",258,2,,,1074.0
Cierre existe en geocom,[PASS],Encontrados 1 registros,258,2,20260307,,
Datos de ventas existen en geocom,[PASS],Encontrados 331 tickets,258,2,20260307,,
Datos de medios pago existen en geocom,[PASS],Encontrados 349 pagos,258,2,20260307,,
Cierre NO existe en DW (validación de faltante),[PASS],Encontrados 0 registros en DW (esperaba 0),,,,2603072131092582,
Detalle del cierre NO existe en DW,[PASS],Encontrados 0 registros en detalle (esperaba 0),258,2,20260307,,
Consistencia de datos (cabecera-detalle),[PASS],Cabecera y detalle: ambos vacíos (correcto),,,,2603072131092582,
Integridad de TODAS las tablas de cierre,[PASS],"Cabecera no existe, ningún dato huérfano detectado",258,2,,,1096.0
Cierre existe en geocom,[PASS],Encontrados 1 registros,258,2,20260313,,
Datos de ventas existen en geocom,[PASS],Encontrados 405 tickets,258,2,20260313,,
Datos de medios pago existen en geocom,[PASS],Encontrados 420 pagos,258,2,20260313,,
Cierre NO existe en DW (validación de faltante),[PASS],Encontrados 0 registros en DW (esperaba 0),,,,2603132101022582,
Detalle del cierre NO existe en DW,[PASS],Encontrados 0 registros en detalle (esperaba 0),258,2,20260313,,
Consistencia de datos (cabecera-detalle),[PASS],Cabecera y detalle: ambos vacíos (correcto),,,,2603132101022582,
Integridad de TODAS las tablas de cierre,[PASS],"Cabecera no existe, ningún dato huérfano detectado",258,2,,,1102.0
Cierre existe en geocom,[PASS],Encontrados 1 registros,259,1,20260105,,
Datos de ventas existen en geocom,[PASS],Encontrados 734 tickets,259,1,20260105,,
Datos de medios pago existen en geocom,[PASS],Encontrados 767 pagos,259,1,20260105,,
Cierre NO existe en DW (validación de faltante),[PASS],Encontrados 0 registros en DW (esperaba 0),,,,2601052106182591,
Detalle del cierre NO existe en DW,[PASS],Encontrados 0 registros en detalle (esperaba 0),259,1,20260105,,
Consistencia de datos (cabecera-detalle),[PASS],Cabecera y detalle: ambos vacíos (correcto),,,,2601052106182591,
Integridad de TODAS las tablas de cierre,[PASS],"Cabecera no existe, ningún dato huérfano detectado",259,1,,,1059.0
Cierre existe en geocom,[PASS],Encontrados 1 registros,259,1,20260106,,
Datos de ventas existen en geocom,[PASS],Encontrados 613 tickets,259,1,20260106,,
Datos de medios pago existen en geocom,[PASS],Encontrados 627 pagos,259,1,20260106,,
Cierre NO existe en DW (validación de faltante),[PASS],Encontrados 0 registros en DW (esperaba 0),,,,2601062041142591,
Detalle del cierre NO existe en DW,[PASS],Encontrados 0 registros en detalle (esperaba 0),259,1,20260106,,
Consistencia de datos (cabecera-detalle),[PASS],Cabecera y detalle: ambos vacíos (correcto),,,,2601062041142591,
Integridad de TODAS las tablas de cierre,[PASS],"Cabecera no existe, ningún dato huérfano detectado",259,1,,,1060.0
Cierre existe en geocom,[PASS],Encontrados 1 registros,259,1,20260107,,
Datos de ventas existen en geocom,[PASS],Encontrados 583 tickets,259,1,20260107,,
Datos de medios pago existen en geocom,[PASS],Encontrados 638 pagos,259,1,20260107,,
Cierre NO existe en DW (validación de faltante),[PASS],Encontrados 0 registros en DW (esperaba 0),,,,2601072050532591,
Detalle del cierre NO existe en DW,[PASS],Encontrados 0 registros en detalle (esperaba 0),259,1,20260107,,
Consistencia de datos (cabecera-detalle),[PASS],Cabecera y detalle: ambos vacíos (correcto),,,,2601072050532591,
Integridad de TODAS las tablas de cierre,[PASS],"Cabecera no existe, ningún dato huérfano detectado",259,1,,,1061.0
Cierre existe en geocom,[PASS],Encontrados 1 registros,259,1,20260108,,
Datos de ventas existen en geocom,[PASS],Encontrados 704 tickets,259,1,20260108,,
Datos de medios pago existen en geocom,[PASS],Encontrados 733 pagos,259,1,20260108,,
Cierre NO existe en DW (validación de faltante),[PASS],Encontrados 0 registros en DW (esperaba 0),,,,2601082050232591,
Detalle del cierre NO existe en DW,[PASS],Encontrados 0 registros en detalle (esperaba 0),259,1,20260108,,
Consistencia de datos (cabecera-detalle),[PASS],Cabecera y detalle: ambos vacíos (correcto),,,,2601082050232591,
Integridad de TODAS las tablas de cierre,[PASS],"Cabecera no existe, ningún dato huérfano detectado",259,1,,,1062.0
Cierre existe en geocom,[PASS],Encontrados 1 registros,259,1,20260112,,
Datos de ventas existen en geocom,[PASS],Encontrados 647 tickets,259,1,20260112,,
Datos de medios pago existen en geocom,[PASS],Encontrados 670 pagos,259,1,20260112,,
Cierre NO existe en DW (validación de faltante),[PASS],Encontrados 0 registros en DW (esperaba 0),,,,2601122044212591,
Detalle del cierre NO existe en DW,[PASS],Encontrados 0 registros en detalle (esperaba 0),259,1,20260112,,
Consistencia de datos (cabecera-detalle),[PASS],Cabecera y detalle: ambos vacíos (correcto),,,,2601122044212591,
Integridad de TODAS las tablas de cierre,[PASS],"Cabecera no existe, ningún dato huérfano detectado",259,1,,,1066.0
Cierre existe en geocom,[PASS],Encontrados 1 registros,259,1,20260113,,
Datos de ventas existen en geocom,[PASS],Encontrados 583 tickets,259,1,20260113,,
Datos de medios pago existen en geocom,[PASS],Encontrados 613 pagos,259,1,20260113,,
Cierre NO existe en DW (validación de faltante),[PASS],Encontrados 0 registros en DW (esperaba 0),,,,2601132046432591,
Detalle del cierre NO existe en DW,[PASS],Encontrados 0 registros en detalle (esperaba 0),259,1,20260113,,
Consistencia de datos (cabecera-detalle),[PASS],Cabecera y detalle: ambos vacíos (correcto),,,,2601132046432591,
Integridad de TODAS las tablas de cierre,[PASS],"Cabecera no existe, ningún dato huérfano detectado",259,1,,,1067.0
Cierre existe en geocom,[PASS],Encontrados 1 registros,259,1,20260116,,
Datos de ventas existen en geocom,[PASS],Encontrados 844 tickets,259,1,20260116,,
Datos de medios pago existen en geocom,[PASS],Encontrados 905 pagos,259,1,20260116,,
Cierre NO existe en DW (validación de faltante),[PASS],Encontrados 0 registros en DW (esperaba 0),,,,2601162056322591,
Detalle del cierre NO existe en DW,[PASS],Encontrados 0 registros en detalle (esperaba 0),259,1,20260116,,
Consistencia de datos (cabecera-detalle),[PASS],Cabecera y detalle: ambos vacíos (correcto),,,,2601162056322591,
Integridad de TODAS las tablas de cierre,[PASS],"Cabecera no existe, ningún dato huérfano detectado",259,1,,,1070.0
Cierre existe en geocom,[PASS],Encontrados 1 registros,259,1,20260117,,
Datos de ventas existen en geocom,[PASS],Encontrados 481 tickets,259,1,20260117,,
Datos de medios pago existen en geocom,[PASS],Encontrados 547 pagos,259,1,20260117,,
Cierre NO existe en DW (validación de faltante),[PASS],Encontrados 0 registros en DW (esperaba 0),,,,2601172014522591,
Detalle del cierre NO existe en DW,[PASS],Encontrados 0 registros en detalle (esperaba 0),259,1,20260117,,
Consistencia de datos (cabecera-detalle),[PASS],Cabecera y detalle: ambos vacíos (correcto),,,,2601172014522591,
Integridad de TODAS las tablas de cierre,[PASS],"Cabecera no existe, ningún dato huérfano detectado",259,1,,,1071.0
Cierre existe en geocom,[PASS],Encontrados 1 registros,259,1,20260123,,
Datos de ventas existen en geocom,[PASS],Encontrados 797 tickets,259,1,20260123,,
Datos de medios pago existen en geocom,[PASS],Encontrados 871 pagos,259,1,20260123,,
Cierre NO existe en DW (validación de faltante),[PASS],Encontrados 0 registros en DW (esperaba 0),,,,2601232045132591,
Detalle del cierre NO existe en DW,[PASS],Encontrados 0 registros en detalle (esperaba 0),259,1,20260123,,
Consistencia de datos (cabecera-detalle),[PASS],Cabecera y detalle: ambos vacíos (correcto),,,,2601232045132591,
Integridad de TODAS las tablas de cierre,[PASS],"Cabecera no existe, ningún dato huérfano detectado",259,1,,,1077.0
Cierre existe en geocom,[PASS],Encontrados 1 registros,259,1,20260130,,
Datos de ventas existen en geocom,[PASS],Encontrados 824 tickets,259,1,20260130,,
Datos de medios pago existen en geocom,[PASS],Encontrados 913 pagos,259,1,20260130,,
Cierre NO existe en DW (validación de faltante),[PASS],Encontrados 0 registros en DW (esperaba 0),,,,2601302102312591,
Detalle del cierre NO existe en DW,[PASS],Encontrados 0 registros en detalle (esperaba 0),259,1,20260130,,
Consistencia de datos (cabecera-detalle),[PASS],Cabecera y detalle: ambos vacíos (correcto),,,,2601302102312591,
Integridad de TODAS las tablas de cierre,[PASS],"Cabecera no existe, ningún dato huérfano detectado",259,1,,,1084.0
Cierre existe en geocom,[PASS],Encontrados 1 registros,259,1,20260202,,
Datos de ventas existen en geocom,[WARNING],Encontrados 0 tickets,259,1,20260202,,
Datos de medios pago existen en geocom,[WARNING],Encontrados 0 pagos,259,1,20260202,,
Cierre NO existe en DW (validación de faltante),[PASS],Encontrados 0 registros en DW (esperaba 0),,,,2602022025422591,
Detalle del cierre NO existe en DW,[PASS],Encontrados 0 registros en detalle (esperaba 0),259,1,20260202,,
Consistencia de datos (cabecera-detalle),[PASS],Cabecera y detalle: ambos vacíos (correcto),,,,2602022025422591,
Integridad de TODAS las tablas de cierre,[PASS],"Cabecera no existe, ningún dato huérfano detectado",259,1,,,1088.0
Cierre existe en geocom,[PASS],Encontrados 1 registros,259,1,20260206,,
Datos de ventas existen en geocom,[PASS],Encontrados 747 tickets,259,1,20260206,,
Datos de medios pago existen en geocom,[PASS],Encontrados 818 pagos,259,1,20260206,,
Cierre NO existe en DW (validación de faltante),[PASS],Encontrados 0 registros en DW (esperaba 0),,,,2602062050412591,
Detalle del cierre NO existe en DW,[PASS],Encontrados 0 registros en detalle (esperaba 0),259,1,20260206,,
Consistencia de datos (cabecera-detalle),[PASS],Cabecera y detalle: ambos vacíos (correcto),,,,2602062050412591,
Integridad de TODAS las tablas de cierre,[PASS],"Cabecera no existe, ningún dato huérfano detectado",259,1,,,1092.0
Cierre existe en geocom,[PASS],Encontrados 1 registros,259,1,20260213,,
Datos de ventas existen en geocom,[PASS],Encontrados 838 tickets,259,1,20260213,,
Datos de medios pago existen en geocom,[PASS],Encontrados 957 pagos,259,1,20260213,,
Cierre NO existe en DW (validación de faltante),[PASS],Encontrados 0 registros en DW (esperaba 0),,,,2602132044482591,
Detalle del cierre NO existe en DW,[PASS],Encontrados 0 registros en detalle (esperaba 0),259,1,20260213,,
Consistencia de datos (cabecera-detalle),[PASS],Cabecera y detalle: ambos vacíos (correcto),,,,2602132044482591,
Integridad de TODAS las tablas de cierre,[PASS],"Cabecera no existe, ningún dato huérfano detectado",259,1,,,1099.0
Cierre existe en geocom,[PASS],Encontrados 1 registros,259,1,20260220,,
Datos de ventas existen en geocom,[PASS],Encontrados 830 tickets,259,1,20260220,,
Datos de medios pago existen en geocom,[PASS],Encontrados 947 pagos,259,1,20260220,,
Cierre NO existe en DW (validación de faltante),[PASS],Encontrados 0 registros en DW (esperaba 0),,,,2602202103032591,
Detalle del cierre NO existe en DW,[PASS],Encontrados 0 registros en detalle (esperaba 0),259,1,20260220,,
Consistencia de datos (cabecera-detalle),[PASS],Cabecera y detalle: ambos vacíos (correcto),,,,2602202103032591,
Integridad de TODAS las tablas de cierre,[PASS],"Cabecera no existe, ningún dato huérfano detectado",259,1,,,1106.0
Cierre existe en geocom,[PASS],Encontrados 1 registros,259,1,20260227,,
Datos de ventas existen en geocom,[PASS],Encontrados 782 tickets,259,1,20260227,,
Datos de medios pago existen en geocom,[PASS],Encontrados 862 pagos,259,1,20260227,,
Cierre NO existe en DW (validación de faltante),[PASS],Encontrados 0 registros en DW (esperaba 0),,,,2602272101152591,
Detalle del cierre NO existe en DW,[PASS],Encontrados 0 registros en detalle (esperaba 0),259,1,20260227,,
Consistencia de datos (cabecera-detalle),[PASS],Cabecera y detalle: ambos vacíos (correcto),,,,2602272101152591,
Integridad de TODAS las tablas de cierre,[PASS],"Cabecera no existe, ningún dato huérfano detectado",259,1,,,1113.0
Cierre existe en geocom,[PASS],Encontrados 1 registros,259,1,20260306,,
Datos de ventas existen en geocom,[PASS],Encontrados 787 tickets,259,1,20260306,,
Datos de medios pago existen en geocom,[PASS],Encontrados 896 pagos,259,1,20260306,,
Cierre NO existe en DW (validación de faltante),[PASS],Encontrados 0 registros en DW (esperaba 0),,,,2603062238492591,
Detalle del cierre NO existe en DW,[PASS],Encontrados 0 registros en detalle (esperaba 0),259,1,20260306,,
Consistencia de datos (cabecera-detalle),[PASS],Cabecera y detalle: ambos vacíos (correcto),,,,2603062238492591,
Integridad de TODAS las tablas de cierre,[PASS],"Cabecera no existe, ningún dato huérfano detectado",259,1,,,1120.0
Cierre existe en geocom,[PASS],Encontrados 1 registros,259,1,20260313,,
Datos de ventas existen en geocom,[PASS],Encontrados 835 tickets,259,1,20260313,,
Datos de medios pago existen en geocom,[PASS],Encontrados 900 pagos,259,1,20260313,,
Cierre NO existe en DW (validación de faltante),[PASS],Encontrados 0 registros en DW (esperaba 0),,,,2603132209422591,
Detalle del cierre NO existe en DW,[PASS],Encontrados 0 registros en detalle (esperaba 0),259,1,20260313,,
Consistencia de datos (cabecera-detalle),[PASS],Cabecera y detalle: ambos vacíos (correcto),,,,2603132209422591,
Integridad de TODAS las tablas de cierre,[PASS],"Cabecera no existe, ningún dato huérfano detectado",259,1,,,1127.0
Cierre existe en geocom,[PASS],Encontrados 1 registros,259,2,20260105,,
Datos de ventas existen en geocom,[PASS],Encontrados 17 tickets,259,2,20260105,,
Datos de medios pago existen en geocom,[PASS],Encontrados 8 pagos,259,2,20260105,,
Cierre NO existe en DW (validación de faltante),[PASS],Encontrados 0 registros en DW (esperaba 0),,,,2601052028442592,
Detalle del cierre NO existe en DW,[PASS],Encontrados 0 registros en detalle (esperaba 0),259,2,20260105,,
Consistencia de datos (cabecera-detalle),[PASS],Cabecera y detalle: ambos vacíos (correcto),,,,2601052028442592,
Integridad de TODAS las tablas de cierre,[PASS],"Cabecera no existe, ningún dato huérfano detectado",259,2,,,739.0
Cierre existe en geocom,[PASS],Encontrados 1 registros,259,2,20260108,,
Datos de ventas existen en geocom,[PASS],Encontrados 21 tickets,259,2,20260108,,
Datos de medios pago existen en geocom,[PASS],Encontrados 8 pagos,259,2,20260108,,
Cierre NO existe en DW (validación de faltante),[PASS],Encontrados 0 registros en DW (esperaba 0),,,,2601082034022592,
Detalle del cierre NO existe en DW,[PASS],Encontrados 0 registros en detalle (esperaba 0),259,2,20260108,,
Consistencia de datos (cabecera-detalle),[PASS],Cabecera y detalle: ambos vacíos (correcto),,,,2601082034022592,
Integridad de TODAS las tablas de cierre,[PASS],"Cabecera no existe, ningún dato huérfano detectado",259,2,,,742.0
Cierre existe en geocom,[PASS],Encontrados 1 registros,259,2,20260117,,
Datos de ventas existen en geocom,[PASS],Encontrados 9 tickets,259,2,20260117,,
Datos de medios pago existen en geocom,[PASS],Encontrados 7 pagos,259,2,20260117,,
Cierre NO existe en DW (validación de faltante),[PASS],Encontrados 0 registros en DW (esperaba 0),,,,2601172016352592,
Detalle del cierre NO existe en DW,[PASS],Encontrados 0 registros en detalle (esperaba 0),259,2,20260117,,
Consistencia de datos (cabecera-detalle),[PASS],Cabecera y detalle: ambos vacíos (correcto),,,,2601172016352592,
Integridad de TODAS las tablas de cierre,[PASS],"Cabecera no existe, ningún dato huérfano detectado",259,2,,,751.0
Cierre existe en geocom,[PASS],Encontrados 1 registros,259,2,20260130,,
Datos de ventas existen en geocom,[PASS],Encontrados 88 tickets,259,2,20260130,,
Datos de medios pago existen en geocom,[PASS],Encontrados 74 pagos,259,2,20260130,,
Cierre NO existe en DW (validación de faltante),[PASS],Encontrados 0 registros en DW (esperaba 0),,,,2601302042092592,
Detalle del cierre NO existe en DW,[PASS],Encontrados 0 registros en detalle (esperaba 0),259,2,20260130,,
Consistencia de datos (cabecera-detalle),[PASS],Cabecera y detalle: ambos vacíos (correcto),,,,2601302042092592,
Integridad de TODAS las tablas de cierre,[PASS],"Cabecera no existe, ningún dato huérfano detectado",259,2,,,764.0
Cierre existe en geocom,[PASS],Encontrados 1 registros,259,2,20260212,,
Datos de ventas existen en geocom,[PASS],Encontrados 1 tickets,259,2,20260212,,
Datos de medios pago existen en geocom,[WARNING],Encontrados 0 pagos,259,2,20260212,,
Cierre NO existe en DW (validación de faltante),[PASS],Encontrados 0 registros en DW (esperaba 0),,,,2602122014182592,
Detalle del cierre NO existe en DW,[PASS],Encontrados 0 registros en detalle (esperaba 0),259,2,20260212,,
Consistencia de datos (cabecera-detalle),[PASS],Cabecera y detalle: ambos vacíos (correcto),,,,2602122014182592,
Integridad de TODAS las tablas de cierre,[PASS],"Cabecera no existe, ningún dato huérfano detectado",259,2,,,778.0
Cierre existe en geocom,[PASS],Encontrados 1 registros,259,2,20260213,,
Datos de ventas existen en geocom,[PASS],Encontrados 78 tickets,259,2,20260213,,
Datos de medios pago existen en geocom,[PASS],Encontrados 67 pagos,259,2,20260213,,
Cierre NO existe en DW (validación de faltante),[PASS],Encontrados 0 registros en DW (esperaba 0),,,,2602132058052592,
Detalle del cierre NO existe en DW,[PASS],Encontrados 0 registros en detalle (esperaba 0),259,2,20260213,,
Consistencia de datos (cabecera-detalle),[PASS],Cabecera y detalle: ambos vacíos (correcto),,,,2602132058052592,
Integridad de TODAS las tablas de cierre,[PASS],"Cabecera no existe, ningún dato huérfano detectado",259,2,,,779.0
Cierre existe en geocom,[PASS],Encontrados 1 registros,259,2,20260220,,
Datos de ventas existen en geocom,[PASS],Encontrados 77 tickets,259,2,20260220,,
Datos de medios pago existen en geocom,[PASS],Encontrados 59 pagos,259,2,20260220,,
Cierre NO existe en DW (validación de faltante),[PASS],Encontrados 0 registros en DW (esperaba 0),,,,2602202042062592,
Detalle del cierre NO existe en DW,[PASS],Encontrados 0 registros en detalle (esperaba 0),259,2,20260220,,
Consistencia de datos (cabecera-detalle),[PASS],Cabecera y detalle: ambos vacíos (correcto),,,,2602202042062592,
Integridad de TODAS las tablas de cierre,[PASS],"Cabecera no existe, ningún dato huérfano detectado",259,2,,,786.0
Cierre existe en geocom,[PASS],Encontrados 1 registros,259,2,20260306,,
Datos de ventas existen en geocom,[PASS],Encontrados 115 tickets,259,2,20260306,,
Datos de medios pago existen en geocom,[PASS],Encontrados 101 pagos,259,2,20260306,,
Cierre NO existe en DW (validación de faltante),[PASS],Encontrados 0 registros en DW (esperaba 0),,,,2603062222352592,
Detalle del cierre NO existe en DW,[PASS],Encontrados 0 registros en detalle (esperaba 0),259,2,20260306,,
Consistencia de datos (cabecera-detalle),[PASS],Cabecera y detalle: ambos vacíos (correcto),,,,2603062222352592,
Integridad de TODAS las tablas de cierre,[PASS],"Cabecera no existe, ningún dato huérfano detectado",259,2,,,801.0
Cierre existe en geocom,[PASS],Encontrados 1 registros,261,2,20260302,,
Datos de ventas existen en geocom,[PASS],Encontrados 648 tickets,261,2,20260302,,
Datos de medios pago existen en geocom,[PASS],Encontrados 759 pagos,261,2,20260302,,
Cierre NO existe en DW (validación de faltante),[PASS],Encontrados 0 registros en DW (esperaba 0),,,,2603022032072612,
Detalle del cierre NO existe en DW,[PASS],Encontrados 0 registros en detalle (esperaba 0),261,2,20260302,,
Consistencia de datos (cabecera-detalle),[PASS],Cabecera y detalle: ambos vacíos (correcto),,,,2603022032072612,
Integridad de TODAS las tablas de cierre,[PASS],"Cabecera no existe, ningún dato huérfano detectado",261,2,,,56.0
Cierre existe en geocom,[PASS],Encontrados 1 registros,263,2,20260227,,
Datos de ventas existen en geocom,[WARNING],Encontrados 0 tickets,263,2,20260227,,
Datos de medios pago existen en geocom,[WARNING],Encontrados 0 pagos,263,2,20260227,,
Cierre NO existe en DW (validación de faltante),[PASS],Encontrados 0 registros en DW (esperaba 0),,,,2602271532452632,
Detalle del cierre NO existe en DW,[PASS],Encontrados 0 registros en detalle (esperaba 0),263,2,20260227,,
Consistencia de datos (cabecera-detalle),[PASS],Cabecera y detalle: ambos vacíos (correcto),,,,2602271532452632,
Integridad de TODAS las tablas de cierre,[PASS],"Cabecera no existe, ningún dato huérfano detectado",263,2,,,0.0
Cierre existe en geocom,[PASS],Encontrados 1 registros,263,2,20260302,,
Datos de ventas existen en geocom,[PASS],Encontrados 2 tickets,263,2,20260302,,
Datos de medios pago existen en geocom,[PASS],Encontrados 1 pagos,263,2,20260302,,
Cierre NO existe en DW (validación de faltante),[PASS],Encontrados 0 registros en DW (esperaba 0),,,,2603021051482632,
Detalle del cierre NO existe en DW,[PASS],Encontrados 0 registros en detalle (esperaba 0),263,2,20260302,,
Consistencia de datos (cabecera-detalle),[PASS],Cabecera y detalle: ambos vacíos (correcto),,,,2603021051482632,
Integridad de TODAS las tablas de cierre,[PASS],"Cabecera no existe, ningún dato huérfano detectado",263,2,,,1.0
Cierre existe en geocom,[PASS],Encontrados 1 registros,270,1,20260309,,
Datos de ventas existen en geocom,[PASS],Encontrados 4 tickets,270,1,20260309,,
Datos de medios pago existen en geocom,[WARNING],Encontrados 0 pagos,270,1,20260309,,
Cierre NO existe en DW (validación de faltante),[PASS],Encontrados 0 registros en DW (esperaba 0),,,,2603091909222701,
Detalle del cierre NO existe en DW,[PASS],Encontrados 0 registros en detalle (esperaba 0),270,1,20260309,,
Consistencia de datos (cabecera-detalle),[PASS],Cabecera y detalle: ambos vacíos (correcto),,,,2603091909222701,
Integridad de TODAS las tablas de cierre,[PASS],"Cabecera no existe, ningún dato huérfano detectado",270,1,,,333.0
Cierre existe en geocom,[PASS],Encontrados 1 registros,270,2,20260309,,
Datos de ventas existen en geocom,[PASS],Encontrados 444 tickets,270,2,20260309,,
Datos de medios pago existen en geocom,[PASS],Encontrados 504 pagos,270,2,20260309,,
Cierre NO existe en DW (validación de faltante),[PASS],Encontrados 0 registros en DW (esperaba 0),,,,2603092056592702,
Detalle del cierre NO existe en DW,[PASS],Encontrados 0 registros en detalle (esperaba 0),270,2,20260309,,
Consistencia de datos (cabecera-detalle),[PASS],Cabecera y detalle: ambos vacíos (correcto),,,,2603092056592702,
Integridad de TODAS las tablas de cierre,[PASS],"Cabecera no existe, ningún dato huérfano detectado",270,2,,,732.0
Cierre existe en geocom,[PASS],Encontrados 1 registros,281,2,20260103,,
Datos de ventas existen en geocom,[PASS],Encontrados 27 tickets,281,2,20260103,,
Datos de medios pago existen en geocom,[PASS],Encontrados 33 pagos,281,2,20260103,,
Cierre NO existe en DW (validación de faltante),[PASS],Encontrados 0 registros en DW (esperaba 0),,,,2601031416432812,
Detalle del cierre NO existe en DW,[PASS],Encontrados 0 registros en detalle (esperaba 0),281,2,20260103,,
Consistencia de datos (cabecera-detalle),[PASS],Cabecera y detalle: ambos vacíos (correcto),,,,2601031416432812,
Integridad de TODAS las tablas de cierre,[PASS],"Cabecera no existe, ningún dato huérfano detectado",281,2,,,654.0
Cierre existe en geocom,[PASS],Encontrados 1 registros,281,2,20260119,,
Datos de ventas existen en geocom,[PASS],Encontrados 77 tickets,281,2,20260119,,
Datos de medios pago existen en geocom,[PASS],Encontrados 71 pagos,281,2,20260119,,
Cierre NO existe en DW (validación de faltante),[PASS],Encontrados 0 registros en DW (esperaba 0),,,,2601191930202812,
Detalle del cierre NO existe en DW,[PASS],Encontrados 0 registros en detalle (esperaba 0),281,2,20260119,,
Consistencia de datos (cabecera-detalle),[PASS],Cabecera y detalle: ambos vacíos (correcto),,,,2601191930202812,
Integridad de TODAS las tablas de cierre,[PASS],"Cabecera no existe, ningún dato huérfano detectado",281,2,,,662.0
Cierre existe en geocom,[PASS],Encontrados 1 registros,281,2,20260120,,
Datos de ventas existen en geocom,[PASS],Encontrados 3 tickets,281,2,20260120,,
Datos de medios pago existen en geocom,[WARNING],Encontrados 0 pagos,281,2,20260120,,
Cierre NO existe en DW (validación de faltante),[PASS],Encontrados 0 registros en DW (esperaba 0),,,,2601201942012812,
Detalle del cierre NO existe en DW,[PASS],Encontrados 0 registros en detalle (esperaba 0),281,2,20260120,,
Consistencia de datos (cabecera-detalle),[PASS],Cabecera y detalle: ambos vacíos (correcto),,,,2601201942012812,
Integridad de TODAS las tablas de cierre,[PASS],"Cabecera no existe, ningún dato huérfano detectado",281,2,,,663.0
Cierre existe en geocom,[PASS],Encontrados 1 registros,281,2,20260121,,
Datos de ventas existen en geocom,[WARNING],Encontrados 0 tickets,281,2,20260121,,
Datos de medios pago existen en geocom,[WARNING],Encontrados 0 pagos,281,2,20260121,,
Cierre NO existe en DW (validación de faltante),[PASS],Encontrados 0 registros en DW (esperaba 0),,,,2601211928212812,
Detalle del cierre NO existe en DW,[PASS],Encontrados 0 registros en detalle (esperaba 0),281,2,20260121,,
Consistencia de datos (cabecera-detalle),[PASS],Cabecera y detalle: ambos vacíos (correcto),,,,2601211928212812,
Integridad de TODAS las tablas de cierre,[PASS],"Cabecera no existe, ningún dato huérfano detectado",281,2,,,664.0
Cierre existe en geocom,[PASS],Encontrados 1 registros,282,1,20260302,,
Datos de ventas existen en geocom,[PASS],Encontrados 258 tickets,282,1,20260302,,
Datos de medios pago existen en geocom,[PASS],Encontrados 284 pagos,282,1,20260302,,
Cierre NO existe en DW (validación de faltante),[PASS],Encontrados 0 registros en DW (esperaba 0),,,,2603021855012821,
Detalle del cierre NO existe en DW,[PASS],Encontrados 0 registros en detalle (esperaba 0),282,1,20260302,,
Consistencia de datos (cabecera-detalle),[PASS],Cabecera y detalle: ambos vacíos (correcto),,,,2603021855012821,
Integridad de TODAS las tablas de cierre,[PASS],"Cabecera no existe, ningún dato huérfano detectado",282,1,,,44.0
Cierre existe en geocom,[PASS],Encontrados 1 registros,282,2,20260302,,
Datos de ventas existen en geocom,[PASS],Encontrados 25 tickets,282,2,20260302,,
Datos de medios pago existen en geocom,[PASS],Encontrados 5 pagos,282,2,20260302,,
Cierre NO existe en DW (validación de faltante),[PASS],Encontrados 0 registros en DW (esperaba 0),,,,2603021729322822,
Detalle del cierre NO existe en DW,[PASS],Encontrados 0 registros en detalle (esperaba 0),282,2,20260302,,
Consistencia de datos (cabecera-detalle),[PASS],Cabecera y detalle: ambos vacíos (correcto),,,,2603021729322822,
Integridad de TODAS las tablas de cierre,[PASS],"Cabecera no existe, ningún dato huérfano detectado",282,2,,,465.0
Cierre existe en geocom,[PASS],Encontrados 1 registros,283,1,20260130,,
Datos de ventas existen en geocom,[PASS],Encontrados 474 tickets,283,1,20260130,,
Datos de medios pago existen en geocom,[PASS],Encontrados 542 pagos,283,1,20260130,,
Cierre NO existe en DW (validación de faltante),[PASS],Encontrados 0 registros en DW (esperaba 0),,,,2601302054462831,
Detalle del cierre NO existe en DW,[PASS],Encontrados 0 registros en detalle (esperaba 0),283,1,20260130,,
Consistencia de datos (cabecera-detalle),[PASS],Cabecera y detalle: ambos vacíos (correcto),,,,2601302054462831,
Integridad de TODAS las tablas de cierre,[PASS],"Cabecera no existe, ningún dato huérfano detectado",283,1,,,882.0
Cierre existe en geocom,[PASS],Encontrados 1 registros,283,1,20260217,,
Datos de ventas existen en geocom,[PASS],Encontrados 481 tickets,283,1,20260217,,
Datos de medios pago existen en geocom,[PASS],Encontrados 564 pagos,283,1,20260217,,
Cierre NO existe en DW (validación de faltante),[PASS],Encontrados 0 registros en DW (esperaba 0),,,,2602172014542831,
Detalle del cierre NO existe en DW,[PASS],Encontrados 0 registros en detalle (esperaba 0),283,1,20260217,,
Consistencia de datos (cabecera-detalle),[PASS],Cabecera y detalle: ambos vacíos (correcto),,,,2602172014542831,
Integridad de TODAS las tablas de cierre,[PASS],"Cabecera no existe, ningún dato huérfano detectado",283,1,,,900.0
Cierre existe en geocom,[PASS],Encontrados 1 registros,283,1,20260221,,
Datos de ventas existen en geocom,[PASS],Encontrados 463 tickets,283,1,20260221,,
Datos de medios pago existen en geocom,[PASS],Encontrados 505 pagos,283,1,20260221,,
Cierre NO existe en DW (validación de faltante),[PASS],Encontrados 0 registros en DW (esperaba 0),,,,2602212049452831,
Detalle del cierre NO existe en DW,[PASS],Encontrados 0 registros en detalle (esperaba 0),283,1,20260221,,
Consistencia de datos (cabecera-detalle),[PASS],Cabecera y detalle: ambos vacíos (correcto),,,,2602212049452831,
Integridad de TODAS las tablas de cierre,[PASS],"Cabecera no existe, ningún dato huérfano detectado",283,1,,,904.0
Cierre existe en geocom,[PASS],Encontrados 1 registros,284,1,20260119,,
Datos de ventas existen en geocom,[PASS],Encontrados 354 tickets,284,1,20260119,,
Datos de medios pago existen en geocom,[PASS],Encontrados 335 pagos,284,1,20260119,,
Cierre NO existe en DW (validación de faltante),[PASS],Encontrados 0 registros en DW (esperaba 0),,,,2601192023552841,
Detalle del cierre NO existe en DW,[PASS],Encontrados 0 registros en detalle (esperaba 0),284,1,20260119,,
Consistencia de datos (cabecera-detalle),[PASS],Cabecera y detalle: ambos vacíos (correcto),,,,2601192023552841,
Integridad de TODAS las tablas de cierre,[PASS],"Cabecera no existe, ningún dato huérfano detectado",284,1,,,643.0
Cierre existe en geocom,[PASS],Encontrados 1 registros,284,1,20260120,,
Datos de ventas existen en geocom,[PASS],Encontrados 400 tickets,284,1,20260120,,
Datos de medios pago existen en geocom,[PASS],Encontrados 403 pagos,284,1,20260120,,
Cierre NO existe en DW (validación de faltante),[PASS],Encontrados 0 registros en DW (esperaba 0),,,,2601202023062841,
Detalle del cierre NO existe en DW,[PASS],Encontrados 0 registros en detalle (esperaba 0),284,1,20260120,,
Consistencia de datos (cabecera-detalle),[PASS],Cabecera y detalle: ambos vacíos (correcto),,,,2601202023062841,
Integridad de TODAS las tablas de cierre,[PASS],"Cabecera no existe, ningún dato huérfano detectado",284,1,,,644.0
Cierre existe en geocom,[PASS],Encontrados 1 registros,284,1,20260122,,
Datos de ventas existen en geocom,[PASS],Encontrados 438 tickets,284,1,20260122,,
Datos de medios pago existen en geocom,[PASS],Encontrados 434 pagos,284,1,20260122,,
Cierre NO existe en DW (validación de faltante),[PASS],Encontrados 0 registros en DW (esperaba 0),,,,2601222029432841,
Detalle del cierre NO existe en DW,[PASS],Encontrados 0 registros en detalle (esperaba 0),284,1,20260122,,
Consistencia de datos (cabecera-detalle),[PASS],Cabecera y detalle: ambos vacíos (correcto),,,,2601222029432841,
Integridad de TODAS las tablas de cierre,[PASS],"Cabecera no existe, ningún dato huérfano detectado",284,1,,,646.0
Cierre existe en geocom,[PASS],Encontrados 1 registros,284,1,20260205,,
Datos de ventas existen en geocom,[PASS],Encontrados 371 tickets,284,1,20260205,,
Datos de medios pago existen en geocom,[PASS],Encontrados 359 pagos,284,1,20260205,,
Cierre NO existe en DW (validación de faltante),[PASS],Encontrados 0 registros en DW (esperaba 0),,,,2602052022122841,
Detalle del cierre NO existe en DW,[PASS],Encontrados 0 registros en detalle (esperaba 0),284,1,20260205,,
Consistencia de datos (cabecera-detalle),[PASS],Cabecera y detalle: ambos vacíos (correcto),,,,2602052022122841,
Integridad de TODAS las tablas de cierre,[PASS],"Cabecera no existe, ningún dato huérfano detectado",284,1,,,657.0
Cierre existe en geocom,[PASS],Encontrados 1 registros,284,2,20260120,,
Datos de ventas existen en geocom,[PASS],Encontrados 384 tickets,284,2,20260120,,
Datos de medios pago existen en geocom,[PASS],Encontrados 387 pagos,284,2,20260120,,
Cierre NO existe en DW (validación de faltante),[PASS],Encontrados 0 registros en DW (esperaba 0),,,,2601202023432842,
Detalle del cierre NO existe en DW,[PASS],Encontrados 0 registros en detalle (esperaba 0),284,2,20260120,,
Consistencia de datos (cabecera-detalle),[PASS],Cabecera y detalle: ambos vacíos (correcto),,,,2601202023432842,
Integridad de TODAS las tablas de cierre,[PASS],"Cabecera no existe, ningún dato huérfano detectado",284,2,,,666.0
Cierre existe en geocom,[PASS],Encontrados 1 registros,285,1,20260220,,
Datos de ventas existen en geocom,[PASS],Encontrados 236 tickets,285,1,20260220,,
Datos de medios pago existen en geocom,[PASS],Encontrados 253 pagos,285,1,20260220,,
Cierre NO existe en DW (validación de faltante),[PASS],Encontrados 0 registros en DW (esperaba 0),,,,2602201859592851,
Detalle del cierre NO existe en DW,[PASS],Encontrados 0 registros en detalle (esperaba 0),285,1,20260220,,
Consistencia de datos (cabecera-detalle),[PASS],Cabecera y detalle: ambos vacíos (correcto),,,,2602201859592851,
Integridad de TODAS las tablas de cierre,[PASS],"Cabecera no existe, ningún dato huérfano detectado",285,1,,,976.0
Cierre existe en geocom,[PASS],Encontrados 1 registros,285,2,20260220,,
Datos de ventas existen en geocom,[PASS],Encontrados 200 tickets,285,2,20260220,,
Datos de medios pago existen en geocom,[PASS],Encontrados 196 pagos,285,2,20260220,,
Cierre NO existe en DW (validación de faltante),[PASS],Encontrados 0 registros en DW (esperaba 0),,,,2602201900262852,
Detalle del cierre NO existe en DW,[PASS],Encontrados 0 registros en detalle (esperaba 0),285,2,20260220,,
Consistencia de datos (cabecera-detalle),[PASS],Cabecera y detalle: ambos vacíos (correcto),,,,2602201900262852,
Integridad de TODAS las tablas de cierre,[PASS],"Cabecera no existe, ningún dato huérfano detectado",285,2,,,212.0
Cierre existe en geocom,[PASS],Encontrados 1 registros,286,1,20260112,,
Datos de ventas existen en geocom,[WARNING],Encontrados 0 tickets,286,1,20260112,,
Datos de medios pago existen en geocom,[WARNING],Encontrados 0 pagos,286,1,20260112,,
Cierre NO existe en DW (validación de faltante),[PASS],Encontrados 0 registros en DW (esperaba 0),,,,2601122028312861,
Detalle del cierre NO existe en DW,[PASS],Encontrados 0 registros en detalle (esperaba 0),286,1,20260112,,
Consistencia de datos (cabecera-detalle),[PASS],Cabecera y detalle: ambos vacíos (correcto),,,,2601122028312861,
Integridad de TODAS las tablas de cierre,[PASS],"Cabecera no existe, ningún dato huérfano detectado",286,1,,,913.0
Cierre existe en geocom,[PASS],Encontrados 1 registros,286,1,20260121,,
Datos de ventas existen en geocom,[PASS],Encontrados 356 tickets,286,1,20260121,,
Datos de medios pago existen en geocom,[PASS],Encontrados 423 pagos,286,1,20260121,,
Cierre NO existe en DW (validación de faltante),[PASS],Encontrados 0 registros en DW (esperaba 0),,,,2601212051072861,
Detalle del cierre NO existe en DW,[PASS],Encontrados 0 registros en detalle (esperaba 0),286,1,20260121,,
Consistencia de datos (cabecera-detalle),[PASS],Cabecera y detalle: ambos vacíos (correcto),,,,2601212051072861,
Integridad de TODAS las tablas de cierre,[PASS],"Cabecera no existe, ningún dato huérfano detectado",286,1,,,923.0
Cierre existe en geocom,[PASS],Encontrados 1 registros,286,1,20260122,,
Datos de ventas existen en geocom,[WARNING],Encontrados 0 tickets,286,1,20260122,,
Datos de medios pago existen en geocom,[WARNING],Encontrados 0 pagos,286,1,20260122,,
Cierre NO existe en DW (validación de faltante),[PASS],Encontrados 0 registros en DW (esperaba 0),,,,2601222058112861,
Detalle del cierre NO existe en DW,[PASS],Encontrados 0 registros en detalle (esperaba 0),286,1,20260122,,
Consistencia de datos (cabecera-detalle),[PASS],Cabecera y detalle: ambos vacíos (correcto),,,,2601222058112861,
Integridad de TODAS las tablas de cierre,[PASS],"Cabecera no existe, ningún dato huérfano detectado",286,1,,,925.0
Cierre existe en geocom,[PASS],Encontrados 1 registros,286,1,20260127,,
Datos de ventas existen en geocom,[PASS],Encontrados 377 tickets,286,1,20260127,,
Datos de medios pago existen en geocom,[PASS],Encontrados 445 pagos,286,1,20260127,,
Cierre NO existe en DW (validación de faltante),[PASS],Encontrados 0 registros en DW (esperaba 0),,,,2601272031432861,
Detalle del cierre NO existe en DW,[PASS],Encontrados 0 registros en detalle (esperaba 0),286,1,20260127,,
Consistencia de datos (cabecera-detalle),[PASS],Cabecera y detalle: ambos vacíos (correcto),,,,2601272031432861,
Integridad de TODAS las tablas de cierre,[PASS],"Cabecera no existe, ningún dato huérfano detectado",286,1,,,930.0
Cierre existe en geocom,[PASS],Encontrados 1 registros,286,1,20260128,,
Datos de ventas existen en geocom,[PASS],Encontrados 361 tickets,286,1,20260128,,
Datos de medios pago existen en geocom,[PASS],Encontrados 407 pagos,286,1,20260128,,
Cierre NO existe en DW (validación de faltante),[PASS],Encontrados 0 registros en DW (esperaba 0),,,,2601282009332861,
Detalle del cierre NO existe en DW,[PASS],Encontrados 0 registros en detalle (esperaba 0),286,1,20260128,,
Consistencia de datos (cabecera-detalle),[PASS],Cabecera y detalle: ambos vacíos (correcto),,,,2601282009332861,
Integridad de TODAS las tablas de cierre,[PASS],"Cabecera no existe, ningún dato huérfano detectado",286,1,,,931.0
Cierre existe en geocom,[PASS],Encontrados 1 registros,286,1,20260225,,
Datos de ventas existen en geocom,[PASS],Encontrados 462 tickets,286,1,20260225,,
Datos de medios pago existen en geocom,[PASS],Encontrados 547 pagos,286,1,20260225,,
Cierre NO existe en DW (validación de faltante),[PASS],Encontrados 0 registros en DW (esperaba 0),,,,2602252039502861,
Detalle del cierre NO existe en DW,[PASS],Encontrados 0 registros en detalle (esperaba 0),286,1,20260225,,
Consistencia de datos (cabecera-detalle),[PASS],Cabecera y detalle: ambos vacíos (correcto),,,,2602252039502861,
Integridad de TODAS las tablas de cierre,[PASS],"Cabecera no existe, ningún dato huérfano detectado",286,1,,,960.0
Cierre existe en geocom,[PASS],Encontrados 1 registros,286,1,20260304,,
Datos de ventas existen en geocom,[WARNING],Encontrados 0 tickets,286,1,20260304,,
Datos de medios pago existen en geocom,[WARNING],Encontrados 0 pagos,286,1,20260304,,
Cierre NO existe en DW (validación de faltante),[PASS],Encontrados 0 registros en DW (esperaba 0),,,,2603042136592861,
Detalle del cierre NO existe en DW,[PASS],Encontrados 0 registros en detalle (esperaba 0),286,1,20260304,,
Consistencia de datos (cabecera-detalle),[PASS],Cabecera y detalle: ambos vacíos (correcto),,,,2603042136592861,
Integridad de TODAS las tablas de cierre,[PASS],"Cabecera no existe, ningún dato huérfano detectado",286,1,,,968.0
Cierre existe en geocom,[PASS],Encontrados 1 registros,287,1,20260306,,
Datos de ventas existen en geocom,[PASS],Encontrados 7 tickets,287,1,20260306,,
Datos de medios pago existen en geocom,[WARNING],Encontrados 0 pagos,287,1,20260306,,
Cierre NO existe en DW (validación de faltante),[PASS],Encontrados 0 registros en DW (esperaba 0),,,,2603061542302871,
Detalle del cierre NO existe en DW,[PASS],Encontrados 0 registros en detalle (esperaba 0),287,1,20260306,,
Consistencia de datos (cabecera-detalle),[PASS],Cabecera y detalle: ambos vacíos (correcto),,,,2603061542302871,
Integridad de TODAS las tablas de cierre,[PASS],"Cabecera no existe, ningún dato huérfano detectado",287,1,,,537.0
Cierre existe en geocom,[PASS],Encontrados 1 registros,288,1,20260226,,
Datos de ventas existen en geocom,[WARNING],Encontrados 0 tickets,288,1,20260226,,
Datos de medios pago existen en geocom,[WARNING],Encontrados 0 pagos,288,1,20260226,,
Cierre NO existe en DW (validación de faltante),[PASS],Encontrados 0 registros en DW (esperaba 0),,,,2602261336352881,
Detalle del cierre NO existe en DW,[PASS],Encontrados 0 registros en detalle (esperaba 0),288,1,20260226,,
Consistencia de datos (cabecera-detalle),[PASS],Cabecera y detalle: ambos vacíos (correcto),,,,2602261336352881,
Integridad de TODAS las tablas de cierre,[PASS],"Cabecera no existe, ningún dato huérfano detectado",288,1,,,513.0
Cierre existe en geocom,[PASS],Encontrados 1 registros,288,1,20260302,,
Datos de ventas existen en geocom,[PASS],Encontrados 145 tickets,288,1,20260302,,
Datos de medios pago existen en geocom,[PASS],Encontrados 145 pagos,288,1,20260302,,
Cierre NO existe en DW (validación de faltante),[PASS],Encontrados 0 registros en DW (esperaba 0),,,,2603021924522881,
Detalle del cierre NO existe en DW,[PASS],Encontrados 0 registros en detalle (esperaba 0),288,1,20260302,,
Consistencia de datos (cabecera-detalle),[PASS],Cabecera y detalle: ambos vacíos (correcto),,,,2603021924522881,
Integridad de TODAS las tablas de cierre,[PASS],"Cabecera no existe, ningún dato huérfano detectado",288,1,,,514.0
Cierre existe en geocom,[PASS],Encontrados 1 registros,288,1,20260303,,
Datos de ventas existen en geocom,[PASS],Encontrados 78 tickets,288,1,20260303,,
Datos de medios pago existen en geocom,[PASS],Encontrados 77 pagos,288,1,20260303,,
Cierre NO existe en DW (validación de faltante),[PASS],Encontrados 0 registros en DW (esperaba 0),,,,2603031916392881,
Detalle del cierre NO existe en DW,[PASS],Encontrados 0 registros en detalle (esperaba 0),288,1,20260303,,
Consistencia de datos (cabecera-detalle),[PASS],Cabecera y detalle: ambos vacíos (correcto),,,,2603031916392881,
Integridad de TODAS las tablas de cierre,[PASS],"Cabecera no existe, ningún dato huérfano detectado",288,1,,,515.0
Cierre existe en geocom,[PASS],Encontrados 1 registros,291,2,20260304,,
Datos de ventas existen en geocom,[PASS],Encontrados 574 tickets,291,2,20260304,,
Datos de medios pago existen en geocom,[PASS],Encontrados 607 pagos,291,2,20260304,,
Cierre NO existe en DW (validación de faltante),[PASS],Encontrados 0 registros en DW (esperaba 0),,,,2603042002172912,
Detalle del cierre NO existe en DW,[PASS],Encontrados 0 registros en detalle (esperaba 0),291,2,20260304,,
Consistencia de datos (cabecera-detalle),[PASS],Cabecera y detalle: ambos vacíos (correcto),,,,2603042002172912,
Integridad de TODAS las tablas de cierre,[PASS],"Cabecera no existe, ningún dato huérfano detectado",291,2,,,715.0
Cierre existe en geocom,[PASS],Encontrados 1 registros,291,2,20260305,,
Datos de ventas existen en geocom,[PASS],Encontrados 585 tickets,291,2,20260305,,
Datos de medios pago existen en geocom,[PASS],Encontrados 642 pagos,291,2,20260305,,
Cierre NO existe en DW (validación de faltante),[PASS],Encontrados 0 registros en DW (esperaba 0),,,,2603052006522912,
Detalle del cierre NO existe en DW,[PASS],Encontrados 0 registros en detalle (esperaba 0),291,2,20260305,,
Consistencia de datos (cabecera-detalle),[PASS],Cabecera y detalle: ambos vacíos (correcto),,,,2603052006522912,
Integridad de TODAS las tablas de cierre,[PASS],"Cabecera no existe, ningún dato huérfano detectado",291,2,,,716.0
Cierre existe en geocom,[PASS],Encontrados 1 registros,291,2,20260306,,
Datos de ventas existen en geocom,[PASS],Encontrados 578 tickets,291,2,20260306,,
Datos de medios pago existen en geocom,[PASS],Encontrados 646 pagos,291,2,20260306,,
Cierre NO existe en DW (validación de faltante),[PASS],Encontrados 0 registros en DW (esperaba 0),,,,2603062002332912,
Detalle del cierre NO existe en DW,[PASS],Encontrados 0 registros en detalle (esperaba 0),291,2,20260306,,
Consistencia de datos (cabecera-detalle),[PASS],Cabecera y detalle: ambos vacíos (correcto),,,,2603062002332912,
Integridad de TODAS las tablas de cierre,[PASS],"Cabecera no existe, ningún dato huérfano detectado",291,2,,,717.0
Cierre existe en geocom,[PASS],Encontrados 1 registros,291,2,20260309,,
Datos de ventas existen en geocom,[PASS],Encontrados 539 tickets,291,2,20260309,,
Datos de medios pago existen en geocom,[PASS],Encontrados 546 pagos,291,2,20260309,,
Cierre NO existe en DW (validación de faltante),[PASS],Encontrados 0 registros en DW (esperaba 0),,,,2603092001192912,
Detalle del cierre NO existe en DW,[PASS],Encontrados 0 registros en detalle (esperaba 0),291,2,20260309,,
Consistencia de datos (cabecera-detalle),[PASS],Cabecera y detalle: ambos vacíos (correcto),,,,2603092001192912,
Integridad de TODAS las tablas de cierre,[PASS],"Cabecera no existe, ningún dato huérfano detectado",291,2,,,719.0
Cierre existe en geocom,[PASS],Encontrados 1 registros,291,2,20260310,,
Datos de ventas existen en geocom,[PASS],Encontrados 608 tickets,291,2,20260310,,
Datos de medios pago existen en geocom,[PASS],Encontrados 634 pagos,291,2,20260310,,
Cierre NO existe en DW (validación de faltante),[PASS],Encontrados 0 registros en DW (esperaba 0),,,,2603102005442912,
Detalle del cierre NO existe en DW,[PASS],Encontrados 0 registros en detalle (esperaba 0),291,2,20260310,,
Consistencia de datos (cabecera-detalle),[PASS],Cabecera y detalle: ambos vacíos (correcto),,,,2603102005442912,
Integridad de TODAS las tablas de cierre,[PASS],"Cabecera no existe, ningún dato huérfano detectado",291,2,,,720.0
Cierre existe en geocom,[PASS],Encontrados 1 registros,291,2,20260311,,
Datos de ventas existen en geocom,[PASS],Encontrados 445 tickets,291,2,20260311,,
Datos de medios pago existen en geocom,[PASS],Encontrados 469 pagos,291,2,20260311,,
Cierre NO existe en DW (validación de faltante),[PASS],Encontrados 0 registros en DW (esperaba 0),,,,2603112007182912,
Detalle del cierre NO existe en DW,[PASS],Encontrados 0 registros en detalle (esperaba 0),291,2,20260311,,
Consistencia de datos (cabecera-detalle),[PASS],Cabecera y detalle: ambos vacíos (correcto),,,,2603112007182912,
Integridad de TODAS las tablas de cierre,[PASS],"Cabecera no existe, ningún dato huérfano detectado",291,2,,,721.0
Cierre existe en geocom,[PASS],Encontrados 1 registros,292,2,20260128,,
Datos de ventas existen en geocom,[PASS],Encontrados 372 tickets,292,2,20260128,,
Datos de medios pago existen en geocom,[PASS],Encontrados 365 pagos,292,2,20260128,,
Cierre NO existe en DW (validación de faltante),[PASS],Encontrados 0 registros en DW (esperaba 0),,,,2601282014152922,
Detalle del cierre NO existe en DW,[PASS],Encontrados 0 registros en detalle (esperaba 0),292,2,20260128,,
Consistencia de datos (cabecera-detalle),[PASS],Cabecera y detalle: ambos vacíos (correcto),,,,2601282014152922,
Integridad de TODAS las tablas de cierre,[PASS],"Cabecera no existe, ningún dato huérfano detectado",292,2,,,676.0
Cierre existe en geocom,[PASS],Encontrados 1 registros,305,2,20260115,,
Datos de ventas existen en geocom,[PASS],Encontrados 10 tickets,305,2,20260115,,
Datos de medios pago existen en geocom,[WARNING],Encontrados 0 pagos,305,2,20260115,,
Cierre NO existe en DW (validación de faltante),[PASS],Encontrados 0 registros en DW (esperaba 0),,,,2601151435013052,
Detalle del cierre NO existe en DW,[PASS],Encontrados 0 registros en detalle (esperaba 0),305,2,20260115,,
Consistencia de datos (cabecera-detalle),[PASS],Cabecera y detalle: ambos vacíos (correcto),,,,2601151435013052,
Integridad de TODAS las tablas de cierre,[PASS],"Cabecera no existe, ningún dato huérfano detectado",305,2,,,630.0
Cierre existe en geocom,[PASS],Encontrados 1 registros,307,2,20260113,,
Datos de ventas existen en geocom,[PASS],Encontrados 10 tickets,307,2,20260113,,
Datos de medios pago existen en geocom,[PASS],Encontrados 3 pagos,307,2,20260113,,
Cierre NO existe en DW (validación de faltante),[PASS],Encontrados 0 registros en DW (esperaba 0),,,,2601131237163072,
Detalle del cierre NO existe en DW,[PASS],Encontrados 0 registros en detalle (esperaba 0),307,2,20260113,,
Consistencia de datos (cabecera-detalle),[PASS],Cabecera y detalle: ambos vacíos (correcto),,,,2601131237163072,
Integridad de TODAS las tablas de cierre,[PASS],"Cabecera no existe, ningún dato huérfano detectado",307,2,,,447.0
Cierre existe en geocom,[PASS],Encontrados 1 registros,308,2,20260224,,
Datos de ventas existen en geocom,[PASS],Encontrados 2 tickets,308,2,20260224,,
Datos de medios pago existen en geocom,[PASS],Encontrados 1 pagos,308,2,20260224,,
Cierre NO existe en DW (validación de faltante),[PASS],Encontrados 0 registros en DW (esperaba 0),,,,2602241442003082,
Detalle del cierre NO existe en DW,[PASS],Encontrados 0 registros en detalle (esperaba 0),308,2,20260224,,
Consistencia de datos (cabecera-detalle),[PASS],Cabecera y detalle: ambos vacíos (correcto),,,,2602241442003082,
Integridad de TODAS las tablas de cierre,[PASS],"Cabecera no existe, ningún dato huérfano detectado",308,2,,,220.0
Cierre existe en geocom,[PASS],Encontrados 1 registros,309,1,20260105,,
Datos de ventas existen en geocom,[PASS],Encontrados 299 tickets,309,1,20260105,,
Datos de medios pago existen en geocom,[PASS],Encontrados 340 pagos,309,1,20260105,,
Cierre NO existe en DW (validación de faltante),[PASS],Encontrados 0 registros en DW (esperaba 0),,,,2601052053153091,
Detalle del cierre NO existe en DW,[PASS],Encontrados 0 registros en detalle (esperaba 0),309,1,20260105,,
Consistencia de datos (cabecera-detalle),[PASS],Cabecera y detalle: ambos vacíos (correcto),,,,2601052053153091,
Integridad de TODAS las tablas de cierre,[PASS],"Cabecera no existe, ningún dato huérfano detectado",309,1,,,379.0
Cierre existe en geocom,[PASS],Encontrados 1 registros,309,1,20260202,,
Datos de ventas existen en geocom,[PASS],Encontrados 31 tickets,309,1,20260202,,
Datos de medios pago existen en geocom,[PASS],Encontrados 30 pagos,309,1,20260202,,
Cierre NO existe en DW (validación de faltante),[PASS],Encontrados 0 registros en DW (esperaba 0),,,,2602022037023091,
Detalle del cierre NO existe en DW,[PASS],Encontrados 0 registros en detalle (esperaba 0),309,1,20260202,,
Consistencia de datos (cabecera-detalle),[PASS],Cabecera y detalle: ambos vacíos (correcto),,,,2602022037023091,
Integridad de TODAS las tablas de cierre,[PASS],"Cabecera no existe, ningún dato huérfano detectado",309,1,,,407.0
Cierre existe en geocom,[PASS],Encontrados 1 registros,309,1,20260206,,
Datos de ventas existen en geocom,[PASS],Encontrados 53 tickets,309,1,20260206,,
Datos de medios pago existen en geocom,[PASS],Encontrados 50 pagos,309,1,20260206,,
Cierre NO existe en DW (validación de faltante),[PASS],Encontrados 0 registros en DW (esperaba 0),,,,2602062123363091,
Detalle del cierre NO existe en DW,[PASS],Encontrados 0 registros en detalle (esperaba 0),309,1,20260206,,
Consistencia de datos (cabecera-detalle),[PASS],Cabecera y detalle: ambos vacíos (correcto),,,,2602062123363091,
Integridad de TODAS las tablas de cierre,[PASS],"Cabecera no existe, ningún dato huérfano detectado",309,1,,,411.0
Cierre existe en geocom,[PASS],Encontrados 1 registros,309,1,20260216,,
Datos de ventas existen en geocom,[PASS],Encontrados 27 tickets,309,1,20260216,,
Datos de medios pago existen en geocom,[PASS],Encontrados 23 pagos,309,1,20260216,,
Cierre NO existe en DW (validación de faltante),[PASS],Encontrados 0 registros en DW (esperaba 0),,,,2602162041533091,
Detalle del cierre NO existe en DW,[PASS],Encontrados 0 registros en detalle (esperaba 0),309,1,20260216,,
Consistencia de datos (cabecera-detalle),[PASS],Cabecera y detalle: ambos vacíos (correcto),,,,2602162041533091,
Integridad de TODAS las tablas de cierre,[PASS],"Cabecera no existe, ningún dato huérfano detectado",309,1,,,421.0
Cierre existe en geocom,[PASS],Encontrados 1 registros,309,1,20260217,,
Datos de ventas existen en geocom,[PASS],Encontrados 3 tickets,309,1,20260217,,
Datos de medios pago existen en geocom,[PASS],Encontrados 1 pagos,309,1,20260217,,
Cierre NO existe en DW (validación de faltante),[PASS],Encontrados 0 registros en DW (esperaba 0),,,,2602172037373091,
Detalle del cierre NO existe en DW,[PASS],Encontrados 0 registros en detalle (esperaba 0),309,1,20260217,,
Consistencia de datos (cabecera-detalle),[PASS],Cabecera y detalle: ambos vacíos (correcto),,,,2602172037373091,
Integridad de TODAS las tablas de cierre,[PASS],"Cabecera no existe, ningún dato huérfano detectado",309,1,,,422.0
Cierre existe en geocom,[PASS],Encontrados 1 registros,309,1,20260220,,
Datos de ventas existen en geocom,[PASS],Encontrados 64 tickets,309,1,20260220,,
Datos de medios pago existen en geocom,[PASS],Encontrados 57 pagos,309,1,20260220,,
Cierre NO existe en DW (validación de faltante),[PASS],Encontrados 0 registros en DW (esperaba 0),,,,2602202107593091,
Detalle del cierre NO existe en DW,[PASS],Encontrados 0 registros en detalle (esperaba 0),309,1,20260220,,
Consistencia de datos (cabecera-detalle),[PASS],Cabecera y detalle: ambos vacíos (correcto),,,,2602202107593091,
Integridad de TODAS las tablas de cierre,[PASS],"Cabecera no existe, ningún dato huérfano detectado",309,1,,,425.0
Cierre existe en geocom,[PASS],Encontrados 1 registros,309,1,20260226,,
Datos de ventas existen en geocom,[PASS],Encontrados 6 tickets,309,1,20260226,,
Datos de medios pago existen en geocom,[PASS],Encontrados 4 pagos,309,1,20260226,,
Cierre NO existe en DW (validación de faltante),[PASS],Encontrados 0 registros en DW (esperaba 0),,,,2602262104453091,
Detalle del cierre NO existe en DW,[PASS],Encontrados 0 registros en detalle (esperaba 0),309,1,20260226,,
Consistencia de datos (cabecera-detalle),[PASS],Cabecera y detalle: ambos vacíos (correcto),,,,2602262104453091,
Integridad de TODAS las tablas de cierre,[PASS],"Cabecera no existe, ningún dato huérfano detectado",309,1,,,431.0
Cierre existe en geocom,[PASS],Encontrados 1 registros,309,1,20260302,,
Datos de ventas existen en geocom,[PASS],Encontrados 6 tickets,309,1,20260302,,
Datos de medios pago existen en geocom,[PASS],Encontrados 2 pagos,309,1,20260302,,
Cierre NO existe en DW (validación de faltante),[PASS],Encontrados 0 registros en DW (esperaba 0),,,,2603022045373091,
Detalle del cierre NO existe en DW,[PASS],Encontrados 0 registros en detalle (esperaba 0),309,1,20260302,,
Consistencia de datos (cabecera-detalle),[PASS],Cabecera y detalle: ambos vacíos (correcto),,,,2603022045373091,
Integridad de TODAS las tablas de cierre,[PASS],"Cabecera no existe, ningún dato huérfano detectado",309,1,,,434.0
Cierre existe en geocom,[PASS],Encontrados 1 registros,309,1,20260305,,
Datos de ventas existen en geocom,[PASS],Encontrados 30 tickets,309,1,20260305,,
Datos de medios pago existen en geocom,[PASS],Encontrados 23 pagos,309,1,20260305,,
Cierre NO existe en DW (validación de faltante),[PASS],Encontrados 0 registros en DW (esperaba 0),,,,2603052214413091,
Detalle del cierre NO existe en DW,[PASS],Encontrados 0 registros en detalle (esperaba 0),309,1,20260305,,
Consistencia de datos (cabecera-detalle),[PASS],Cabecera y detalle: ambos vacíos (correcto),,,,2603052214413091,
Integridad de TODAS las tablas de cierre,[PASS],"Cabecera no existe, ningún dato huérfano detectado",309,1,,,437.0
Cierre existe en geocom,[PASS],Encontrados 1 registros,309,1,20260309,,
Datos de ventas existen en geocom,[PASS],Encontrados 298 tickets,309,1,20260309,,
Datos de medios pago existen en geocom,[PASS],Encontrados 355 pagos,309,1,20260309,,
Cierre NO existe en DW (validación de faltante),[PASS],Encontrados 0 registros en DW (esperaba 0),,,,2603092155463091,
Detalle del cierre NO existe en DW,[PASS],Encontrados 0 registros en detalle (esperaba 0),309,1,20260309,,
Consistencia de datos (cabecera-detalle),[PASS],Cabecera y detalle: ambos vacíos (correcto),,,,2603092155463091,
Integridad de TODAS las tablas de cierre,[PASS],"Cabecera no existe, ningún dato huérfano detectado",309,1,,,441.0
Cierre existe en geocom,[PASS],Encontrados 1 registros,309,1,20260312,,
Datos de ventas existen en geocom,[PASS],Encontrados 332 tickets,309,1,20260312,,
Datos de medios pago existen en geocom,[PASS],Encontrados 384 pagos,309,1,20260312,,
Cierre NO existe en DW (validación de faltante),[PASS],Encontrados 0 registros en DW (esperaba 0),,,,2603122155113091,
Detalle del cierre NO existe en DW,[PASS],Encontrados 0 registros en detalle (esperaba 0),309,1,20260312,,
Consistencia de datos (cabecera-detalle),[PASS],Cabecera y detalle: ambos vacíos (correcto),,,,2603122155113091,
Integridad de TODAS las tablas de cierre,[PASS],"Cabecera no existe, ningún dato huérfano detectado",309,1,,,444.0
Cierre existe en geocom,[PASS],Encontrados 1 registros,309,1,20260313,,
Datos de ventas existen en geocom,[PASS],Encontrados 489 tickets,309,1,20260313,,
Datos de medios pago existen en geocom,[PASS],Encontrados 570 pagos,309,1,20260313,,
Cierre NO existe en DW (validación de faltante),[PASS],Encontrados 0 registros en DW (esperaba 0),,,,2603132159513091,
Detalle del cierre NO existe en DW,[PASS],Encontrados 0 registros en detalle (esperaba 0),309,1,20260313,,
Consistencia de datos (cabecera-detalle),[PASS],Cabecera y detalle: ambos vacíos (correcto),,,,2603132159513091,
Integridad de TODAS las tablas de cierre,[PASS],"Cabecera no existe, ningún dato huérfano detectado",309,1,,,445.0
Cierre existe en geocom,[PASS],Encontrados 1 registros,309,2,20260102,,
Datos de ventas existen en geocom,[PASS],Encontrados 178 tickets,309,2,20260102,,
Datos de medios pago existen en geocom,[PASS],Encontrados 199 pagos,309,2,20260102,,
Cierre NO existe en DW (validación de faltante),[PASS],Encontrados 0 registros en DW (esperaba 0),,,,2601022052023092,
Detalle del cierre NO existe en DW,[PASS],Encontrados 0 registros en detalle (esperaba 0),309,2,20260102,,
Consistencia de datos (cabecera-detalle),[PASS],Cabecera y detalle: ambos vacíos (correcto),,,,2601022052023092,
Integridad de TODAS las tablas de cierre,[PASS],"Cabecera no existe, ningún dato huérfano detectado",309,2,,,362.0
Cierre existe en geocom,[PASS],Encontrados 1 registros,309,2,20260106,,
Datos de ventas existen en geocom,[PASS],Encontrados 282 tickets,309,2,20260106,,
Datos de medios pago existen en geocom,[PASS],Encontrados 343 pagos,309,2,20260106,,
Cierre NO existe en DW (validación de faltante),[PASS],Encontrados 0 registros en DW (esperaba 0),,,,2601062055453092,
Detalle del cierre NO existe en DW,[PASS],Encontrados 0 registros en detalle (esperaba 0),309,2,20260106,,
Consistencia de datos (cabecera-detalle),[PASS],Cabecera y detalle: ambos vacíos (correcto),,,,2601062055453092,
Integridad de TODAS las tablas de cierre,[PASS],"Cabecera no existe, ningún dato huérfano detectado",309,2,,,366.0
Cierre existe en geocom,[PASS],Encontrados 1 registros,309,2,20260107,,
Datos de ventas existen en geocom,[PASS],Encontrados 255 tickets,309,2,20260107,,
Datos de medios pago existen en geocom,[PASS],Encontrados 304 pagos,309,2,20260107,,
Cierre NO existe en DW (validación de faltante),[PASS],Encontrados 0 registros en DW (esperaba 0),,,,2601072056173092,
Detalle del cierre NO existe en DW,[PASS],Encontrados 0 registros en detalle (esperaba 0),309,2,20260107,,
Consistencia de datos (cabecera-detalle),[PASS],Cabecera y detalle: ambos vacíos (correcto),,,,2601072056173092,
Integridad de TODAS las tablas de cierre,[PASS],"Cabecera no existe, ningún dato huérfano detectado",309,2,,,367.0
Cierre existe en geocom,[PASS],Encontrados 1 registros,309,2,20260108,,
Datos de ventas existen en geocom,[PASS],Encontrados 322 tickets,309,2,20260108,,
Datos de medios pago existen en geocom,[PASS],Encontrados 371 pagos,309,2,20260108,,
Cierre NO existe en DW (validación de faltante),[PASS],Encontrados 0 registros en DW (esperaba 0),,,,2601082101383092,
Detalle del cierre NO existe en DW,[PASS],Encontrados 0 registros en detalle (esperaba 0),309,2,20260108,,
Consistencia de datos (cabecera-detalle),[PASS],Cabecera y detalle: ambos vacíos (correcto),,,,2601082101383092,
Integridad de TODAS las tablas de cierre,[PASS],"Cabecera no existe, ningún dato huérfano detectado",309,2,,,368.0
Cierre existe en geocom,[PASS],Encontrados 1 registros,309,2,20260112,,
Datos de ventas existen en geocom,[PASS],Encontrados 368 tickets,309,2,20260112,,
Datos de medios pago existen en geocom,[PASS],Encontrados 415 pagos,309,2,20260112,,
Cierre NO existe en DW (validación de faltante),[PASS],Encontrados 0 registros en DW (esperaba 0),,,,2601122110193092,
Detalle del cierre NO existe en DW,[PASS],Encontrados 0 registros en detalle (esperaba 0),309,2,20260112,,
Consistencia de datos (cabecera-detalle),[PASS],Cabecera y detalle: ambos vacíos (correcto),,,,2601122110193092,
Integridad de TODAS las tablas de cierre,[PASS],"Cabecera no existe, ningún dato huérfano detectado",309,2,,,372.0
Cierre existe en geocom,[PASS],Encontrados 1 registros,309,2,20260113,,
Datos de ventas existen en geocom,[PASS],Encontrados 297 tickets,309,2,20260113,,
Datos de medios pago existen en geocom,[PASS],Encontrados 352 pagos,309,2,20260113,,
Cierre NO existe en DW (validación de faltante),[PASS],Encontrados 0 registros en DW (esperaba 0),,,,2601132037523092,
Detalle del cierre NO existe en DW,[PASS],Encontrados 0 registros en detalle (esperaba 0),309,2,20260113,,
Consistencia de datos (cabecera-detalle),[PASS],Cabecera y detalle: ambos vacíos (correcto),,,,2601132037523092,
Integridad de TODAS las tablas de cierre,[PASS],"Cabecera no existe, ningún dato huérfano detectado",309,2,,,373.0
Cierre existe en geocom,[PASS],Encontrados 1 registros,309,2,20260114,,
Datos de ventas existen en geocom,[PASS],Encontrados 363 tickets,309,2,20260114,,
Datos de medios pago existen en geocom,[PASS],Encontrados 439 pagos,309,2,20260114,,
Cierre NO existe en DW (validación de faltante),[PASS],Encontrados 0 registros en DW (esperaba 0),,,,2601142057343092,
Detalle del cierre NO existe en DW,[PASS],Encontrados 0 registros en detalle (esperaba 0),309,2,20260114,,
Consistencia de datos (cabecera-detalle),[PASS],Cabecera y detalle: ambos vacíos (correcto),,,,2601142057343092,
Integridad de TODAS las tablas de cierre,[PASS],"Cabecera no existe, ningún dato huérfano detectado",309,2,,,374.0
Cierre existe en geocom,[PASS],Encontrados 1 registros,309,2,20260116,,
Datos de ventas existen en geocom,[PASS],Encontrados 467 tickets,309,2,20260116,,
Datos de medios pago existen en geocom,[PASS],Encontrados 556 pagos,309,2,20260116,,
Cierre NO existe en DW (validación de faltante),[PASS],Encontrados 0 registros en DW (esperaba 0),,,,2601162048563092,
Detalle del cierre NO existe en DW,[PASS],Encontrados 0 registros en detalle (esperaba 0),309,2,20260116,,
Consistencia de datos (cabecera-detalle),[PASS],Cabecera y detalle: ambos vacíos (correcto),,,,2601162048563092,
Integridad de TODAS las tablas de cierre,[PASS],"Cabecera no existe, ningún dato huérfano detectado",309,2,,,376.0
Cierre existe en geocom,[PASS],Encontrados 1 registros,309,2,20260122,,
Datos de ventas existen en geocom,[PASS],Encontrados 360 tickets,309,2,20260122,,
Datos de medios pago existen en geocom,[PASS],Encontrados 397 pagos,309,2,20260122,,
Cierre NO existe en DW (validación de faltante),[PASS],Encontrados 0 registros en DW (esperaba 0),,,,2601222104353092,
Detalle del cierre NO existe en DW,[PASS],Encontrados 0 registros en detalle (esperaba 0),309,2,20260122,,
Consistencia de datos (cabecera-detalle),[PASS],Cabecera y detalle: ambos vacíos (correcto),,,,2601222104353092,
Integridad de TODAS las tablas de cierre,[PASS],"Cabecera no existe, ningún dato huérfano detectado",309,2,,,382.0
Cierre existe en geocom,[PASS],Encontrados 1 registros,309,2,20260123,,
Datos de ventas existen en geocom,[PASS],Encontrados 443 tickets,309,2,20260123,,
Datos de medios pago existen en geocom,[PASS],Encontrados 490 pagos,309,2,20260123,,
Cierre NO existe en DW (validación de faltante),[PASS],Encontrados 0 registros en DW (esperaba 0),,,,2601232114583092,
Detalle del cierre NO existe en DW,[PASS],Encontrados 0 registros en detalle (esperaba 0),309,2,20260123,,
Consistencia de datos (cabecera-detalle),[PASS],Cabecera y detalle: ambos vacíos (correcto),,,,2601232114583092,
Integridad de TODAS las tablas de cierre,[PASS],"Cabecera no existe, ningún dato huérfano detectado",309,2,,,383.0
Cierre existe en geocom,[PASS],Encontrados 1 registros,309,2,20260129,,
Datos de ventas existen en geocom,[PASS],Encontrados 410 tickets,309,2,20260129,,
Datos de medios pago existen en geocom,[PASS],Encontrados 450 pagos,309,2,20260129,,
Cierre NO existe en DW (validación de faltante),[PASS],Encontrados 0 registros en DW (esperaba 0),,,,2601292055473092,
Detalle del cierre NO existe en DW,[PASS],Encontrados 0 registros en detalle (esperaba 0),309,2,20260129,,
Consistencia de datos (cabecera-detalle),[PASS],Cabecera y detalle: ambos vacíos (correcto),,,,2601292055473092,
Integridad de TODAS las tablas de cierre,[PASS],"Cabecera no existe, ningún dato huérfano detectado",309,2,,,389.0
Cierre existe en geocom,[PASS],Encontrados 1 registros,309,2,20260130,,
Datos de ventas existen en geocom,[PASS],Encontrados 560 tickets,309,2,20260130,,
Datos de medios pago existen en geocom,[PASS],Encontrados 632 pagos,309,2,20260130,,
Cierre NO existe en DW (validación de faltante),[PASS],Encontrados 0 registros en DW (esperaba 0),,,,2601302055123092,
Detalle del cierre NO existe en DW,[PASS],Encontrados 0 registros en detalle (esperaba 0),309,2,20260130,,
Consistencia de datos (cabecera-detalle),[PASS],Cabecera y detalle: ambos vacíos (correcto),,,,2601302055123092,
Integridad de TODAS las tablas de cierre,[PASS],"Cabecera no existe, ningún dato huérfano detectado",309,2,,,390.0
Cierre existe en geocom,[PASS],Encontrados 1 registros,309,2,20260202,,
Datos de ventas existen en geocom,[PASS],Encontrados 475 tickets,309,2,20260202,,
Datos de medios pago existen en geocom,[PASS],Encontrados 548 pagos,309,2,20260202,,
Cierre NO existe en DW (validación de faltante),[PASS],Encontrados 0 registros en DW (esperaba 0),,,,2602022056233092,
Detalle del cierre NO existe en DW,[PASS],Encontrados 0 registros en detalle (esperaba 0),309,2,20260202,,
Consistencia de datos (cabecera-detalle),[PASS],Cabecera y detalle: ambos vacíos (correcto),,,,2602022056233092,
Integridad de TODAS las tablas de cierre,[PASS],"Cabecera no existe, ningún dato huérfano detectado",309,2,,,393.0
Cierre existe en geocom,[PASS],Encontrados 1 registros,309,2,20260205,,
Datos de ventas existen en geocom,[PASS],Encontrados 419 tickets,309,2,20260205,,
Datos de medios pago existen en geocom,[PASS],Encontrados 451 pagos,309,2,20260205,,
Cierre NO existe en DW (validación de faltante),[PASS],Encontrados 0 registros en DW (esperaba 0),,,,2602052059473092,
Detalle del cierre NO existe en DW,[PASS],Encontrados 0 registros en detalle (esperaba 0),309,2,20260205,,
Consistencia de datos (cabecera-detalle),[PASS],Cabecera y detalle: ambos vacíos (correcto),,,,2602052059473092,
Integridad de TODAS las tablas de cierre,[PASS],"Cabecera no existe, ningún dato huérfano detectado",309,2,,,396.0
Cierre existe en geocom,[PASS],Encontrados 1 registros,309,2,20260206,,
Datos de ventas existen en geocom,[PASS],Encontrados 487 tickets,309,2,20260206,,
Datos de medios pago existen en geocom,[PASS],Encontrados 525 pagos,309,2,20260206,,
Cierre NO existe en DW (validación de faltante),[PASS],Encontrados 0 registros en DW (esperaba 0),,,,2602062113583092,
Detalle del cierre NO existe en DW,[PASS],Encontrados 0 registros en detalle (esperaba 0),309,2,20260206,,
Consistencia de datos (cabecera-detalle),[PASS],Cabecera y detalle: ambos vacíos (correcto),,,,2602062113583092,
Integridad de TODAS las tablas de cierre,[PASS],"Cabecera no existe, ningún dato huérfano detectado",309,2,,,397.0
Cierre existe en geocom,[PASS],Encontrados 1 registros,309,2,20260209,,
Datos de ventas existen en geocom,[PASS],Encontrados 424 tickets,309,2,20260209,,
Datos de medios pago existen en geocom,[PASS],Encontrados 480 pagos,309,2,20260209,,
Cierre NO existe en DW (validación de faltante),[PASS],Encontrados 0 registros en DW (esperaba 0),,,,2602092053053092,
Detalle del cierre NO existe en DW,[PASS],Encontrados 0 registros en detalle (esperaba 0),309,2,20260209,,
Consistencia de datos (cabecera-detalle),[PASS],Cabecera y detalle: ambos vacíos (correcto),,,,2602092053053092,
Integridad de TODAS las tablas de cierre,[PASS],"Cabecera no existe, ningún dato huérfano detectado",309,2,,,400.0
Cierre existe en geocom,[PASS],Encontrados 1 registros,309,2,20260212,,
Datos de ventas existen en geocom,[PASS],Encontrados 494 tickets,309,2,20260212,,
Datos de medios pago existen en geocom,[PASS],Encontrados 550 pagos,309,2,20260212,,
Cierre NO existe en DW (validación de faltante),[PASS],Encontrados 0 registros en DW (esperaba 0),,,,2602122051503092,
Detalle del cierre NO existe en DW,[PASS],Encontrados 0 registros en detalle (esperaba 0),309,2,20260212,,
Consistencia de datos (cabecera-detalle),[PASS],Cabecera y detalle: ambos vacíos (correcto),,,,2602122051503092,
Integridad de TODAS las tablas de cierre,[PASS],"Cabecera no existe, ningún dato huérfano detectado",309,2,,,403.0
Cierre existe en geocom,[PASS],Encontrados 1 registros,309,2,20260213,,
Datos de ventas existen en geocom,[PASS],Encontrados 560 tickets,309,2,20260213,,
Datos de medios pago existen en geocom,[PASS],Encontrados 667 pagos,309,2,20260213,,
Cierre NO existe en DW (validación de faltante),[PASS],Encontrados 0 registros en DW (esperaba 0),,,,2602132055153092,
Detalle del cierre NO existe en DW,[PASS],Encontrados 0 registros en detalle (esperaba 0),309,2,20260213,,
Consistencia de datos (cabecera-detalle),[PASS],Cabecera y detalle: ambos vacíos (correcto),,,,2602132055153092,
Integridad de TODAS las tablas de cierre,[PASS],"Cabecera no existe, ningún dato huérfano detectado",309,2,,,404.0
Cierre existe en geocom,[PASS],Encontrados 1 registros,309,2,20260216,,
Datos de ventas existen en geocom,[PASS],Encontrados 522 tickets,309,2,20260216,,
Datos de medios pago existen en geocom,[PASS],Encontrados 574 pagos,309,2,20260216,,
Cierre NO existe en DW (validación de faltante),[PASS],Encontrados 0 registros en DW (esperaba 0),,,,2602162101263092,
Detalle del cierre NO existe en DW,[PASS],Encontrados 0 registros en detalle (esperaba 0),309,2,20260216,,
Consistencia de datos (cabecera-detalle),[PASS],Cabecera y detalle: ambos vacíos (correcto),,,,2602162101263092,
Integridad de TODAS las tablas de cierre,[PASS],"Cabecera no existe, ningún dato huérfano detectado",309,2,,,407.0
Cierre existe en geocom,[PASS],Encontrados 1 registros,309,2,20260217,,
Datos de ventas existen en geocom,[PASS],Encontrados 435 tickets,309,2,20260217,,
Datos de medios pago existen en geocom,[PASS],Encontrados 516 pagos,309,2,20260217,,
Cierre NO existe en DW (validación de faltante),[PASS],Encontrados 0 registros en DW (esperaba 0),,,,2602172119013092,
Detalle del cierre NO existe en DW,[PASS],Encontrados 0 registros en detalle (esperaba 0),309,2,20260217,,
Consistencia de datos (cabecera-detalle),[PASS],Cabecera y detalle: ambos vacíos (correcto),,,,2602172119013092,
Integridad de TODAS las tablas de cierre,[PASS],"Cabecera no existe, ningún dato huérfano detectado",309,2,,,408.0
Cierre existe en geocom,[PASS],Encontrados 1 registros,309,2,20260219,,
Datos de ventas existen en geocom,[PASS],Encontrados 442 tickets,309,2,20260219,,
Datos de medios pago existen en geocom,[PASS],Encontrados 478 pagos,309,2,20260219,,
Cierre NO existe en DW (validación de faltante),[PASS],Encontrados 0 registros en DW (esperaba 0),,,,2602192121233092,
Detalle del cierre NO existe en DW,[PASS],Encontrados 0 registros en detalle (esperaba 0),309,2,20260219,,
Consistencia de datos (cabecera-detalle),[PASS],Cabecera y detalle: ambos vacíos (correcto),,,,2602192121233092,
Integridad de TODAS las tablas de cierre,[PASS],"Cabecera no existe, ningún dato huérfano detectado",309,2,,,410.0
Cierre existe en geocom,[PASS],Encontrados 1 registros,309,2,20260220,,
Datos de ventas existen en geocom,[PASS],Encontrados 608 tickets,309,2,20260220,,
Datos de medios pago existen en geocom,[PASS],Encontrados 679 pagos,309,2,20260220,,
Cierre NO existe en DW (validación de faltante),[PASS],Encontrados 0 registros en DW (esperaba 0),,,,2602202106383092,
Detalle del cierre NO existe en DW,[PASS],Encontrados 0 registros en detalle (esperaba 0),309,2,20260220,,
Consistencia de datos (cabecera-detalle),[PASS],Cabecera y detalle: ambos vacíos (correcto),,,,2602202106383092,
Integridad de TODAS las tablas de cierre,[PASS],"Cabecera no existe, ningún dato huérfano detectado",309,2,,,411.0
Cierre existe en geocom,[PASS],Encontrados 1 registros,309,2,20260226,,
Datos de ventas existen en geocom,[PASS],Encontrados 373 tickets,309,2,20260226,,
Datos de medios pago existen en geocom,[PASS],Encontrados 394 pagos,309,2,20260226,,
Cierre NO existe en DW (validación de faltante),[PASS],Encontrados 0 registros en DW (esperaba 0),,,,2602262051423092,
Detalle del cierre NO existe en DW,[PASS],Encontrados 0 registros en detalle (esperaba 0),309,2,20260226,,
Consistencia de datos (cabecera-detalle),[PASS],Cabecera y detalle: ambos vacíos (correcto),,,,2602262051423092,
Integridad de TODAS las tablas de cierre,[PASS],"Cabecera no existe, ningún dato huérfano detectado",309,2,,,417.0
Cierre existe en geocom,[PASS],Encontrados 1 registros,309,2,20260227,,
Datos de ventas existen en geocom,[PASS],Encontrados 542 tickets,309,2,20260227,,
Datos de medios pago existen en geocom,[PASS],Encontrados 602 pagos,309,2,20260227,,
Cierre NO existe en DW (validación de faltante),[PASS],Encontrados 0 registros en DW (esperaba 0),,,,2602272103583092,
Detalle del cierre NO existe en DW,[PASS],Encontrados 0 registros en detalle (esperaba 0),309,2,20260227,,
Consistencia de datos (cabecera-detalle),[PASS],Cabecera y detalle: ambos vacíos (correcto),,,,2602272103583092,
Integridad de TODAS las tablas de cierre,[PASS],"Cabecera no existe, ningún dato huérfano detectado",309,2,,,418.0
Cierre existe en geocom,[PASS],Encontrados 1 registros,309,2,20260228,,
Datos de ventas existen en geocom,[PASS],Encontrados 361 tickets,309,2,20260228,,
Datos de medios pago existen en geocom,[PASS],Encontrados 410 pagos,309,2,20260228,,
Cierre NO existe en DW (validación de faltante),[PASS],Encontrados 0 registros en DW (esperaba 0),,,,2602282044223092,
Detalle del cierre NO existe en DW,[PASS],Encontrados 0 registros en detalle (esperaba 0),309,2,20260228,,
Consistencia de datos (cabecera-detalle),[PASS],Cabecera y detalle: ambos vacíos (correcto),,,,2602282044223092,
Integridad de TODAS las tablas de cierre,[PASS],"Cabecera no existe, ningún dato huérfano detectado",309,2,,,419.0
Cierre existe en geocom,[PASS],Encontrados 1 registros,309,2,20260302,,
Datos de ventas existen en geocom,[PASS],Encontrados 362 tickets,309,2,20260302,,
Datos de medios pago existen en geocom,[PASS],Encontrados 387 pagos,309,2,20260302,,
Cierre NO existe en DW (validación de faltante),[PASS],Encontrados 0 registros en DW (esperaba 0),,,,2603022100053092,
Detalle del cierre NO existe en DW,[PASS],Encontrados 0 registros en detalle (esperaba 0),309,2,20260302,,
Consistencia de datos (cabecera-detalle),[PASS],Cabecera y detalle: ambos vacíos (correcto),,,,2603022100053092,
Integridad de TODAS las tablas de cierre,[PASS],"Cabecera no existe, ningún dato huérfano detectado",309,2,,,421.0
Cierre existe en geocom,[PASS],Encontrados 1 registros,309,2,20260305,,
Datos de ventas existen en geocom,[PASS],Encontrados 314 tickets,309,2,20260305,,
Datos de medios pago existen en geocom,[PASS],Encontrados 357 pagos,309,2,20260305,,
Cierre NO existe en DW (validación de faltante),[PASS],Encontrados 0 registros en DW (esperaba 0),,,,2603052217263092,
Detalle del cierre NO existe en DW,[PASS],Encontrados 0 registros en detalle (esperaba 0),309,2,20260305,,
Consistencia de datos (cabecera-detalle),[PASS],Cabecera y detalle: ambos vacíos (correcto),,,,2603052217263092,
Integridad de TODAS las tablas de cierre,[PASS],"Cabecera no existe, ningún dato huérfano detectado",309,2,,,424.0
Cierre existe en geocom,[PASS],Encontrados 1 registros,309,2,20260306,,
Datos de ventas existen en geocom,[PASS],Encontrados 526 tickets,309,2,20260306,,
Datos de medios pago existen en geocom,[PASS],Encontrados 571 pagos,309,2,20260306,,
Cierre NO existe en DW (validación de faltante),[PASS],Encontrados 0 registros en DW (esperaba 0),,,,2603062226533092,
Detalle del cierre NO existe en DW,[PASS],Encontrados 0 registros en detalle (esperaba 0),309,2,20260306,,
Consistencia de datos (cabecera-detalle),[PASS],Cabecera y detalle: ambos vacíos (correcto),,,,2603062226533092,
Integridad de TODAS las tablas de cierre,[PASS],"Cabecera no existe, ningún dato huérfano detectado",309,2,,,425.0
Cierre existe en geocom,[PASS],Encontrados 1 registros,311,2,20260113,,
Datos de ventas existen en geocom,[PASS],Encontrados 97 tickets,311,2,20260113,,
Datos de medios pago existen en geocom,[PASS],Encontrados 91 pagos,311,2,20260113,,
Cierre NO existe en DW (validación de faltante),[PASS],Encontrados 0 registros en DW (esperaba 0),,,,2601131920143112,
Detalle del cierre NO existe en DW,[PASS],Encontrados 0 registros en detalle (esperaba 0),311,2,20260113,,
Consistencia de datos (cabecera-detalle),[PASS],Cabecera y detalle: ambos vacíos (correcto),,,,2601131920143112,
Integridad de TODAS las tablas de cierre,[PASS],"Cabecera no existe, ningún dato huérfano detectado",311,2,,,346.0
Cierre existe en geocom,[PASS],Encontrados 1 registros,311,2,20260128,,
Datos de ventas existen en geocom,[PASS],Encontrados 110 tickets,311,2,20260128,,
Datos de medios pago existen en geocom,[PASS],Encontrados 106 pagos,311,2,20260128,,
Cierre NO existe en DW (validación de faltante),[PASS],Encontrados 0 registros en DW (esperaba 0),,,,2601281927203112,
Detalle del cierre NO existe en DW,[PASS],Encontrados 0 registros en detalle (esperaba 0),311,2,20260128,,
Consistencia de datos (cabecera-detalle),[PASS],Cabecera y detalle: ambos vacíos (correcto),,,,2601281927203112,
Integridad de TODAS las tablas de cierre,[PASS],"Cabecera no existe, ningún dato huérfano detectado",311,2,,,361.0
Cierre existe en geocom,[PASS],Encontrados 1 registros,311,2,20260129,,
Datos de ventas existen en geocom,[PASS],Encontrados 127 tickets,311,2,20260129,,
Datos de medios pago existen en geocom,[PASS],Encontrados 120 pagos,311,2,20260129,,
Cierre NO existe en DW (validación de faltante),[PASS],Encontrados 0 registros en DW (esperaba 0),,,,2601291925183112,
Detalle del cierre NO existe en DW,[PASS],Encontrados 0 registros en detalle (esperaba 0),311,2,20260129,,
Consistencia de datos (cabecera-detalle),[PASS],Cabecera y detalle: ambos vacíos (correcto),,,,2601291925183112,
Integridad de TODAS las tablas de cierre,[PASS],"Cabecera no existe, ningún dato huérfano detectado",311,2,,,362.0
Cierre existe en geocom,[PASS],Encontrados 1 registros,311,2,20260202,,
Datos de ventas existen en geocom,[PASS],Encontrados 163 tickets,311,2,20260202,,
Datos de medios pago existen en geocom,[PASS],Encontrados 161 pagos,311,2,20260202,,
Cierre NO existe en DW (validación de faltante),[PASS],Encontrados 0 registros en DW (esperaba 0),,,,2602021941183112,
Detalle del cierre NO existe en DW,[PASS],Encontrados 0 registros en detalle (esperaba 0),311,2,20260202,,
Consistencia de datos (cabecera-detalle),[PASS],Cabecera y detalle: ambos vacíos (correcto),,,,2602021941183112,
Integridad de TODAS las tablas de cierre,[PASS],"Cabecera no existe, ningún dato huérfano detectado",311,2,,,366.0
Cierre existe en geocom,[PASS],Encontrados 1 registros,312,1,20260102,,
Datos de ventas existen en geocom,[PASS],Encontrados 239 tickets,312,1,20260102,,
Datos de medios pago existen en geocom,[PASS],Encontrados 269 pagos,312,1,20260102,,
Cierre NO existe en DW (validación de faltante),[PASS],Encontrados 0 registros en DW (esperaba 0),,,,2601022026323121,
Detalle del cierre NO existe en DW,[PASS],Encontrados 0 registros en detalle (esperaba 0),312,1,20260102,,
Consistencia de datos (cabecera-detalle),[PASS],Cabecera y detalle: ambos vacíos (correcto),,,,2601022026323121,
Integridad de TODAS las tablas de cierre,[PASS],"Cabecera no existe, ningún dato huérfano detectado",312,1,,,186.0
Cierre existe en geocom,[PASS],Encontrados 1 registros,312,1,20260114,,
Datos de ventas existen en geocom,[PASS],Encontrados 231 tickets,312,1,20260114,,
Datos de medios pago existen en geocom,[PASS],Encontrados 264 pagos,312,1,20260114,,
Cierre NO existe en DW (validación de faltante),[PASS],Encontrados 0 registros en DW (esperaba 0),,,,2601142028473121,
Detalle del cierre NO existe en DW,[PASS],Encontrados 0 registros en detalle (esperaba 0),312,1,20260114,,
Consistencia de datos (cabecera-detalle),[PASS],Cabecera y detalle: ambos vacíos (correcto),,,,2601142028473121,
Integridad de TODAS las tablas de cierre,[PASS],"Cabecera no existe, ningún dato huérfano detectado",312,1,,,197.0
Cierre existe en geocom,[PASS],Encontrados 1 registros,312,1,20260116,,
Datos de ventas existen en geocom,[PASS],Encontrados 222 tickets,312,1,20260116,,
Datos de medios pago existen en geocom,[PASS],Encontrados 264 pagos,312,1,20260116,,
Cierre NO existe en DW (validación de faltante),[PASS],Encontrados 0 registros en DW (esperaba 0),,,,2601162046343121,
Detalle del cierre NO existe en DW,[PASS],Encontrados 0 registros en detalle (esperaba 0),312,1,20260116,,
Consistencia de datos (cabecera-detalle),[PASS],Cabecera y detalle: ambos vacíos (correcto),,,,2601162046343121,
Integridad de TODAS las tablas de cierre,[PASS],"Cabecera no existe, ningún dato huérfano detectado",312,1,,,199.0
Cierre existe en geocom,[PASS],Encontrados 1 registros,312,1,20260211,,
Datos de ventas existen en geocom,[PASS],Encontrados 152 tickets,312,1,20260211,,
Datos de medios pago existen en geocom,[PASS],Encontrados 158 pagos,312,1,20260211,,
Cierre NO existe en DW (validación de faltante),[PASS],Encontrados 0 registros en DW (esperaba 0),,,,2602112036133121,
Detalle del cierre NO existe en DW,[PASS],Encontrados 0 registros en detalle (esperaba 0),312,1,20260211,,
Consistencia de datos (cabecera-detalle),[PASS],Cabecera y detalle: ambos vacíos (correcto),,,,2602112036133121,
Integridad de TODAS las tablas de cierre,[PASS],"Cabecera no existe, ningún dato huérfano detectado",312,1,,,226.0
Cierre existe en geocom,[PASS],Encontrados 1 registros,312,1,20260213,,
Datos de ventas existen en geocom,[PASS],Encontrados 171 tickets,312,1,20260213,,
Datos de medios pago existen en geocom,[PASS],Encontrados 181 pagos,312,1,20260213,,
Cierre NO existe en DW (validación de faltante),[PASS],Encontrados 0 registros en DW (esperaba 0),,,,2602132042363121,
Detalle del cierre NO existe en DW,[PASS],Encontrados 0 registros en detalle (esperaba 0),312,1,20260213,,
Consistencia de datos (cabecera-detalle),[PASS],Cabecera y detalle: ambos vacíos (correcto),,,,2602132042363121,
Integridad de TODAS las tablas de cierre,[PASS],"Cabecera no existe, ningún dato huérfano detectado",312,1,,,228.0
Cierre existe en geocom,[PASS],Encontrados 1 registros,312,1,20260214,,
Datos de ventas existen en geocom,[PASS],Encontrados 158 tickets,312,1,20260214,,
Datos de medios pago existen en geocom,[PASS],Encontrados 175 pagos,312,1,20260214,,
Cierre NO existe en DW (validación de faltante),[PASS],Encontrados 0 registros en DW (esperaba 0),,,,2602142032083121,
Detalle del cierre NO existe en DW,[PASS],Encontrados 0 registros en detalle (esperaba 0),312,1,20260214,,
Consistencia de datos (cabecera-detalle),[PASS],Cabecera y detalle: ambos vacíos (correcto),,,,2602142032083121,
Integridad de TODAS las tablas de cierre,[PASS],"Cabecera no existe, ningún dato huérfano detectado",312,1,,,229.0
Cierre existe en geocom,[PASS],Encontrados 1 registros,312,1,20260224,,
Datos de ventas existen en geocom,[PASS],Encontrados 287 tickets,312,1,20260224,,
Datos de medios pago existen en geocom,[PASS],Encontrados 327 pagos,312,1,20260224,,
Cierre NO existe en DW (validación de faltante),[PASS],Encontrados 0 registros en DW (esperaba 0),,,,2602242029443121,
Detalle del cierre NO existe en DW,[PASS],Encontrados 0 registros en detalle (esperaba 0),312,1,20260224,,
Consistencia de datos (cabecera-detalle),[PASS],Cabecera y detalle: ambos vacíos (correcto),,,,2602242029443121,
Integridad de TODAS las tablas de cierre,[PASS],"Cabecera no existe, ningún dato huérfano detectado",312,1,,,239.0
Cierre existe en geocom,[PASS],Encontrados 1 registros,312,1,20260226,,
Datos de ventas existen en geocom,[PASS],Encontrados 234 tickets,312,1,20260226,,
Datos de medios pago existen en geocom,[PASS],Encontrados 260 pagos,312,1,20260226,,
Cierre NO existe en DW (validación de faltante),[PASS],Encontrados 0 registros en DW (esperaba 0),,,,2602262048593121,
Detalle del cierre NO existe en DW,[PASS],Encontrados 0 registros en detalle (esperaba 0),312,1,20260226,,
Consistencia de datos (cabecera-detalle),[PASS],Cabecera y detalle: ambos vacíos (correcto),,,,2602262048593121,
Integridad de TODAS las tablas de cierre,[PASS],"Cabecera no existe, ningún dato huérfano detectado",312,1,,,241.0
Cierre existe en geocom,[PASS],Encontrados 1 registros,312,1,20260227,,
Datos de ventas existen en geocom,[PASS],Encontrados 314 tickets,312,1,20260227,,
Datos de medios pago existen en geocom,[PASS],Encontrados 331 pagos,312,1,20260227,,
Cierre NO existe en DW (validación de faltante),[PASS],Encontrados 0 registros en DW (esperaba 0),,,,2602272034483121,
Detalle del cierre NO existe en DW,[PASS],Encontrados 0 registros en detalle (esperaba 0),312,1,20260227,,
Consistencia de datos (cabecera-detalle),[PASS],Cabecera y detalle: ambos vacíos (correcto),,,,2602272034483121,
Integridad de TODAS las tablas de cierre,[PASS],"Cabecera no existe, ningún dato huérfano detectado",312,1,,,242.0
Cierre existe en geocom,[PASS],Encontrados 1 registros,312,1,20260313,,
Datos de ventas existen en geocom,[PASS],Encontrados 336 tickets,312,1,20260313,,
Datos de medios pago existen en geocom,[PASS],Encontrados 355 pagos,312,1,20260313,,
Cierre NO existe en DW (validación de faltante),[PASS],Encontrados 0 registros en DW (esperaba 0),,,,2603132129513121,
Detalle del cierre NO existe en DW,[PASS],Encontrados 0 registros en detalle (esperaba 0),312,1,20260313,,
Consistencia de datos (cabecera-detalle),[PASS],Cabecera y detalle: ambos vacíos (correcto),,,,2603132129513121,
Integridad de TODAS las tablas de cierre,[PASS],"Cabecera no existe, ningún dato huérfano detectado",312,1,,,256.0
Cierre existe en geocom,[PASS],Encontrados 1 registros,314,1,20260203,,
Datos de ventas existen en geocom,[PASS],Encontrados 239 tickets,314,1,20260203,,
Datos de medios pago existen en geocom,[PASS],Encontrados 233 pagos,314,1,20260203,,
Cierre NO existe en DW (validación de faltante),[PASS],Encontrados 0 registros en DW (esperaba 0),,,,2602031911283141,
Detalle del cierre NO existe en DW,[PASS],Encontrados 0 registros en detalle (esperaba 0),314,1,20260203,,
Consistencia de datos (cabecera-detalle),[PASS],Cabecera y detalle: ambos vacíos (correcto),,,,2602031911283141,
Integridad de TODAS las tablas de cierre,[PASS],"Cabecera no existe, ningún dato huérfano detectado",314,1,,,233.0
Cierre existe en geocom,[PASS],Encontrados 1 registros,314,1,20260204,,
Datos de ventas existen en geocom,[PASS],Encontrados 238 tickets,314,1,20260204,,
Datos de medios pago existen en geocom,[PASS],Encontrados 234 pagos,314,1,20260204,,
Cierre NO existe en DW (validación de faltante),[PASS],Encontrados 0 registros en DW (esperaba 0),,,,2602041951173141,
Detalle del cierre NO existe en DW,[PASS],Encontrados 0 registros en detalle (esperaba 0),314,1,20260204,,
Consistencia de datos (cabecera-detalle),[PASS],Cabecera y detalle: ambos vacíos (correcto),,,,2602041951173141,
Integridad de TODAS las tablas de cierre,[PASS],"Cabecera no existe, ningún dato huérfano detectado",314,1,,,234.0
Cierre existe en geocom,[PASS],Encontrados 1 registros,314,1,20260205,,
Datos de ventas existen en geocom,[PASS],Encontrados 195 tickets,314,1,20260205,,
Datos de medios pago existen en geocom,[PASS],Encontrados 200 pagos,314,1,20260205,,
Cierre NO existe en DW (validación de faltante),[PASS],Encontrados 0 registros en DW (esperaba 0),,,,2602051835293141,
Detalle del cierre NO existe en DW,[PASS],Encontrados 0 registros en detalle (esperaba 0),314,1,20260205,,
Consistencia de datos (cabecera-detalle),[PASS],Cabecera y detalle: ambos vacíos (correcto),,,,2602051835293141,
Integridad de TODAS las tablas de cierre,[PASS],"Cabecera no existe, ningún dato huérfano detectado",314,1,,,235.0
Cierre existe en geocom,[PASS],Encontrados 1 registros,314,1,20260303,,
Datos de ventas existen en geocom,[PASS],Encontrados 324 tickets,314,1,20260303,,
Datos de medios pago existen en geocom,[PASS],Encontrados 337 pagos,314,1,20260303,,
Cierre NO existe en DW (validación de faltante),[PASS],Encontrados 0 registros en DW (esperaba 0),,,,2603031916103141,
Detalle del cierre NO existe en DW,[PASS],Encontrados 0 registros en detalle (esperaba 0),314,1,20260303,,
Consistencia de datos (cabecera-detalle),[PASS],Cabecera y detalle: ambos vacíos (correcto),,,,2603031916103141,
Integridad de TODAS las tablas de cierre,[PASS],"Cabecera no existe, ningún dato huérfano detectado",314,1,,,257.0
Cierre existe en geocom,[PASS],Encontrados 1 registros,319,2,20260227,,
Datos de ventas existen en geocom,[PASS],Encontrados 59 tickets,319,2,20260227,,
Datos de medios pago existen en geocom,[PASS],Encontrados 41 pagos,319,2,20260227,,
Cierre NO existe en DW (validación de faltante),[PASS],Encontrados 0 registros en DW (esperaba 0),,,,2602272004203192,
Detalle del cierre NO existe en DW,[PASS],Encontrados 0 registros en detalle (esperaba 0),319,2,20260227,,
Consistencia de datos (cabecera-detalle),[PASS],Cabecera y detalle: ambos vacíos (correcto),,,,2602272004203192,
Integridad de TODAS las tablas de cierre,[PASS],"Cabecera no existe, ningún dato huérfano detectado",319,2,,,59.0
Cierre existe en geocom,[PASS],Encontrados 1 registros,320,1,20260121,,
Datos de ventas existen en geocom,[PASS],Encontrados 343 tickets,320,1,20260121,,
Datos de medios pago existen en geocom,[PASS],Encontrados 395 pagos,320,1,20260121,,
Cierre NO existe en DW (validación de faltante),[PASS],Encontrados 0 registros en DW (esperaba 0),,,,2601212002133201,
Detalle del cierre NO existe en DW,[PASS],Encontrados 0 registros en detalle (esperaba 0),320,1,20260121,,
Consistencia de datos (cabecera-detalle),[PASS],Cabecera y detalle: ambos vacíos (correcto),,,,2601212002133201,
Integridad de TODAS las tablas de cierre,[PASS],"Cabecera no existe, ningún dato huérfano detectado",320,1,,,121.0
Cierre existe en geocom,[PASS],Encontrados 1 registros,321,1,20260217,,
Datos de ventas existen en geocom,[PASS],Encontrados 35 tickets,321,1,20260217,,
Datos de medios pago existen en geocom,[PASS],Encontrados 14 pagos,321,1,20260217,,
Cierre NO existe en DW (validación de faltante),[PASS],Encontrados 0 registros en DW (esperaba 0),,,,2602171834033211,
Detalle del cierre NO existe en DW,[PASS],Encontrados 0 registros en detalle (esperaba 0),321,1,20260217,,
Consistencia de datos (cabecera-detalle),[PASS],Cabecera y detalle: ambos vacíos (correcto),,,,2602171834033211,
Integridad de TODAS las tablas de cierre,[PASS],"Cabecera no existe, ningún dato huérfano detectado",321,1,,,218.0
Cierre existe en geocom,[PASS],Encontrados 1 registros,321,2,20260217,,
Datos de ventas existen en geocom,[PASS],Encontrados 265 tickets,321,2,20260217,,
Datos de medios pago existen en geocom,[PASS],Encontrados 273 pagos,321,2,20260217,,
Cierre NO existe en DW (validación de faltante),[PASS],Encontrados 0 registros en DW (esperaba 0),,,,2602171834113212,
Detalle del cierre NO existe en DW,[PASS],Encontrados 0 registros en detalle (esperaba 0),321,2,20260217,,
Consistencia de datos (cabecera-detalle),[PASS],Cabecera y detalle: ambos vacíos (correcto),,,,2602171834113212,
Integridad de TODAS las tablas de cierre,[PASS],"Cabecera no existe, ningún dato huérfano detectado",321,2,,,221.0
Cierre existe en geocom,[PASS],Encontrados 1 registros,321,2,20260225,,
Datos de ventas existen en geocom,[PASS],Encontrados 219 tickets,321,2,20260225,,
Datos de medios pago existen en geocom,[PASS],Encontrados 234 pagos,321,2,20260225,,
Cierre NO existe en DW (validación de faltante),[PASS],Encontrados 0 registros en DW (esperaba 0),,,,2602251817403212,
Detalle del cierre NO existe en DW,[PASS],Encontrados 0 registros en detalle (esperaba 0),321,2,20260225,,
Consistencia de datos (cabecera-detalle),[PASS],Cabecera y detalle: ambos vacíos (correcto),,,,2602251817403212,
Integridad de TODAS las tablas de cierre,[PASS],"Cabecera no existe, ningún dato huérfano detectado",321,2,,,228.0
Cierre existe en geocom,[PASS],Encontrados 1 registros,322,1,20260112,,
Datos de ventas existen en geocom,[PASS],Encontrados 178 tickets,322,1,20260112,,
Datos de medios pago existen en geocom,[PASS],Encontrados 161 pagos,322,1,20260112,,
Cierre NO existe en DW (validación de faltante),[PASS],Encontrados 0 registros en DW (esperaba 0),,,,2601122020453221,
Detalle del cierre NO existe en DW,[PASS],Encontrados 0 registros en detalle (esperaba 0),322,1,20260112,,
Consistencia de datos (cabecera-detalle),[PASS],Cabecera y detalle: ambos vacíos (correcto),,,,2601122020453221,
Integridad de TODAS las tablas de cierre,[PASS],"Cabecera no existe, ningún dato huérfano detectado",322,1,,,9.0
Cierre existe en geocom,[PASS],Encontrados 1 registros,322,1,20260122,,
Datos de ventas existen en geocom,[WARNING],Encontrados 0 tickets,322,1,20260122,,
Datos de medios pago existen en geocom,[WARNING],Encontrados 0 pagos,322,1,20260122,,
Cierre NO existe en DW (validación de faltante),[PASS],Encontrados 0 registros en DW (esperaba 0),,,,2601222025423221,
Detalle del cierre NO existe en DW,[PASS],Encontrados 0 registros en detalle (esperaba 0),322,1,20260122,,
Consistencia de datos (cabecera-detalle),[PASS],Cabecera y detalle: ambos vacíos (correcto),,,,2601222025423221,
Integridad de TODAS las tablas de cierre,[PASS],"Cabecera no existe, ningún dato huérfano detectado",322,1,,,19.0
Cierre existe en geocom,[PASS],Encontrados 1 registros,322,1,20260122,,
Datos de ventas existen en geocom,[WARNING],Encontrados 0 tickets,322,1,20260122,,
Datos de medios pago existen en geocom,[WARNING],Encontrados 0 pagos,322,1,20260122,,
Cierre NO existe en DW (validación de faltante),[PASS],Encontrados 0 registros en DW (esperaba 0),,,,2601222032413221,
Detalle del cierre NO existe en DW,[PASS],Encontrados 0 registros en detalle (esperaba 0),322,1,20260122,,
Consistencia de datos (cabecera-detalle),[PASS],Cabecera y detalle: ambos vacíos (correcto),,,,2601222032413221,
Integridad de TODAS las tablas de cierre,[PASS],"Cabecera no existe, ningún dato huérfano detectado",322,1,,,20.0
Cierre existe en geocom,[PASS],Encontrados 1 registros,322,2,20260112,,
Datos de ventas existen en geocom,[PASS],Encontrados 14 tickets,322,2,20260112,,
Datos de medios pago existen en geocom,[WARNING],Encontrados 0 pagos,322,2,20260112,,
Cierre NO existe en DW (validación de faltante),[PASS],Encontrados 0 registros en DW (esperaba 0),,,,2601121931343222,
Detalle del cierre NO existe en DW,[PASS],Encontrados 0 registros en detalle (esperaba 0),322,2,20260112,,
Consistencia de datos (cabecera-detalle),[PASS],Cabecera y detalle: ambos vacíos (correcto),,,,2601121931343222,
Integridad de TODAS las tablas de cierre,[PASS],"Cabecera no existe, ningún dato huérfano detectado",322,2,,,7.0
Cierre existe en geocom,[PASS],Encontrados 1 registros,323,2,20260204,,
Datos de ventas existen en geocom,[PASS],Encontrados 127 tickets,323,2,20260204,,
Datos de medios pago existen en geocom,[PASS],Encontrados 143 pagos,323,2,20260204,,
Cierre NO existe en DW (validación de faltante),[PASS],Encontrados 0 registros en DW (esperaba 0),,,,2602041903283232,
Detalle del cierre NO existe en DW,[PASS],Encontrados 0 registros en detalle (esperaba 0),323,2,20260204,,
Consistencia de datos (cabecera-detalle),[PASS],Cabecera y detalle: ambos vacíos (correcto),,,,2602041903283232,
Integridad de TODAS las tablas de cierre,[PASS],"Cabecera no existe, ningún dato huérfano detectado",323,2,,,13.0
Cierre existe en geocom,[PASS],Encontrados 1 registros,327,1,20260115,,
Datos de ventas existen en geocom,[PASS],Encontrados 209 tickets,327,1,20260115,,
Datos de medios pago existen en geocom,[PASS],Encontrados 241 pagos,327,1,20260115,,
Cierre NO existe en DW (validación de faltante),[PASS],Encontrados 0 registros en DW (esperaba 0),,,,2601152038313271,
Detalle del cierre NO existe en DW,[PASS],Encontrados 0 registros en detalle (esperaba 0),327,1,20260115,,
Consistencia de datos (cabecera-detalle),[PASS],Cabecera y detalle: ambos vacíos (correcto),,,,2601152038313271,
Integridad de TODAS las tablas de cierre,[PASS],"Cabecera no existe, ningún dato huérfano detectado",327,1,,,90.0
Cierre existe en geocom,[PASS],Encontrados 1 registros,327,1,20260206,,
Datos de ventas existen en geocom,[PASS],Encontrados 155 tickets,327,1,20260206,,
Datos de medios pago existen en geocom,[PASS],Encontrados 165 pagos,327,1,20260206,,
Cierre NO existe en DW (validación de faltante),[PASS],Encontrados 0 registros en DW (esperaba 0),,,,2602062030303271,
Detalle del cierre NO existe en DW,[PASS],Encontrados 0 registros en detalle (esperaba 0),327,1,20260206,,
Consistencia de datos (cabecera-detalle),[PASS],Cabecera y detalle: ambos vacíos (correcto),,,,2602062030303271,
Integridad de TODAS las tablas de cierre,[PASS],"Cabecera no existe, ningún dato huérfano detectado",327,1,,,110.0
Cierre existe en geocom,[PASS],Encontrados 1 registros,327,2,20260115,,
Datos de ventas existen en geocom,[PASS],Encontrados 6 tickets,327,2,20260115,,
Datos de medios pago existen en geocom,[PASS],Encontrados 6 pagos,327,2,20260115,,
Cierre NO existe en DW (validación de faltante),[PASS],Encontrados 0 registros en DW (esperaba 0),,,,2601152031413272,
Detalle del cierre NO existe en DW,[PASS],Encontrados 0 registros en detalle (esperaba 0),327,2,20260115,,
Consistencia de datos (cabecera-detalle),[PASS],Cabecera y detalle: ambos vacíos (correcto),,,,2601152031413272,
Integridad de TODAS las tablas de cierre,[PASS],"Cabecera no existe, ningún dato huérfano detectado",327,2,,,90.0
Cierre existe en geocom,[PASS],Encontrados 1 registros,327,2,20260213,,
Datos de ventas existen en geocom,[PASS],Encontrados 12 tickets,327,2,20260213,,
Datos de medios pago existen en geocom,[PASS],Encontrados 3 pagos,327,2,20260213,,
Cierre NO existe en DW (validación de faltante),[PASS],Encontrados 0 registros en DW (esperaba 0),,,,2602132040483272,
Detalle del cierre NO existe en DW,[PASS],Encontrados 0 registros en detalle (esperaba 0),327,2,20260213,,
Consistencia de datos (cabecera-detalle),[PASS],Cabecera y detalle: ambos vacíos (correcto),,,,2602132040483272,
Integridad de TODAS las tablas de cierre,[PASS],"Cabecera no existe, ningún dato huérfano detectado",327,2,,,116.0
Cierre existe en geocom,[PASS],Encontrados 1 registros,328,1,20260210,,
Datos de ventas existen en geocom,[PASS],Encontrados 240 tickets,328,1,20260210,,
Datos de medios pago existen en geocom,[PASS],Encontrados 239 pagos,328,1,20260210,,
Cierre NO existe en DW (validación de faltante),[PASS],Encontrados 0 registros en DW (esperaba 0),,,,2602102038253281,
Detalle del cierre NO existe en DW,[PASS],Encontrados 0 registros en detalle (esperaba 0),328,1,20260210,,
Consistencia de datos (cabecera-detalle),[PASS],Cabecera y detalle: ambos vacíos (correcto),,,,2602102038253281,
Integridad de TODAS las tablas de cierre,[PASS],"Cabecera no existe, ningún dato huérfano detectado",328,1,,,67.0
Cierre existe en geocom,[PASS],Encontrados 1 registros,333,1,20260311,,
Datos de ventas existen en geocom,[WARNING],Encontrados 0 tickets,333,1,20260311,,
Datos de medios pago existen en geocom,[WARNING],Encontrados 0 pagos,333,1,20260311,,
Cierre NO existe en DW (validación de faltante),[PASS],Encontrados 0 registros en DW (esperaba 0),,,,2603111709293331,
Detalle del cierre NO existe en DW,[PASS],Encontrados 0 registros en detalle (esperaba 0),333,1,20260311,,
Consistencia de datos (cabecera-detalle),[PASS],Cabecera y detalle: ambos vacíos (correcto),,,,2603111709293331,
Integridad de TODAS las tablas de cierre,[PASS],"Cabecera no existe, ningún dato huérfano detectado",333,1,,,1.0
Cierre existe en geocom,[PASS],Encontrados 1 registros,334,1,20260130,,
Datos de ventas existen en geocom,[PASS],Encontrados 190 tickets,334,1,20260130,,
Datos de medios pago existen en geocom,[PASS],Encontrados 190 pagos,334,1,20260130,,
Cierre NO existe en DW (validación de faltante),[PASS],Encontrados 0 registros en DW (esperaba 0),,,,2601302034223341,
Detalle del cierre NO existe en DW,[PASS],Encontrados 0 registros en detalle (esperaba 0),334,1,20260130,,
Consistencia de datos (cabecera-detalle),[PASS],Cabecera y detalle: ambos vacíos (correcto),,,,2601302034223341,
Integridad de TODAS las tablas de cierre,[PASS],"Cabecera no existe, ningún dato huérfano detectado",334,1,,,24.0
Cierre existe en geocom,[PASS],Encontrados 1 registros,334,1,20260227,,
Datos de ventas existen en geocom,[PASS],Encontrados 282 tickets,334,1,20260227,,
Datos de medios pago existen en geocom,[PASS],Encontrados 286 pagos,334,1,20260227,,
Cierre NO existe en DW (validación de faltante),[PASS],Encontrados 0 registros en DW (esperaba 0),,,,2602272036023341,
Detalle del cierre NO existe en DW,[PASS],Encontrados 0 registros en detalle (esperaba 0),334,1,20260227,,
Consistencia de datos (cabecera-detalle),[PASS],Cabecera y detalle: ambos vacíos (correcto),,,,2602272036023341,
Integridad de TODAS las tablas de cierre,[PASS],"Cabecera no existe, ningún dato huérfano detectado",334,1,,,50.0
Cierre existe en geocom,[PASS],Encontrados 1 registros,334,2,20260110,,
Datos de ventas existen en geocom,[PASS],Encontrados 125 tickets,334,2,20260110,,
Datos de medios pago existen en geocom,[PASS],Encontrados 127 pagos,334,2,20260110,,
Cierre NO existe en DW (validación de faltante),[PASS],Encontrados 0 registros en DW (esperaba 0),,,,2601102044083342,
Detalle del cierre NO existe en DW,[PASS],Encontrados 0 registros en detalle (esperaba 0),334,2,20260110,,
Consistencia de datos (cabecera-detalle),[PASS],Cabecera y detalle: ambos vacíos (correcto),,,,2601102044083342,
Integridad de TODAS las tablas de cierre,[PASS],"Cabecera no existe, ningún dato huérfano detectado",334,2,,,4.0
Cierre existe en geocom,[PASS],Encontrados 1 registros,334,2,20260227,,
Datos de ventas existen en geocom,[PASS],Encontrados 83 tickets,334,2,20260227,,
Datos de medios pago existen en geocom,[PASS],Encontrados 62 pagos,334,2,20260227,,
Cierre NO existe en DW (validación de faltante),[PASS],Encontrados 0 registros en DW (esperaba 0),,,,2602272035033342,
Detalle del cierre NO existe en DW,[PASS],Encontrados 0 registros en detalle (esperaba 0),334,2,20260227,,
Consistencia de datos (cabecera-detalle),[PASS],Cabecera y detalle: ambos vacíos (correcto),,,,2602272035033342,
Integridad de TODAS las tablas de cierre,[PASS],"Cabecera no existe, ningún dato huérfano detectado",334,2,,,51.0
Cierre existe en geocom,[PASS],Encontrados 1 registros,334,2,20260306,,
Datos de ventas existen en geocom,[PASS],Encontrados 253 tickets,334,2,20260306,,
Datos de medios pago existen en geocom,[PASS],Encontrados 248 pagos,334,2,20260306,,
Cierre NO existe en DW (validación de faltante),[PASS],Encontrados 0 registros en DW (esperaba 0),,,,2603062136223342,
Detalle del cierre NO existe en DW,[PASS],Encontrados 0 registros en detalle (esperaba 0),334,2,20260306,,
Consistencia de datos (cabecera-detalle),[PASS],Cabecera y detalle: ambos vacíos (correcto),,,,2603062136223342,
Integridad de TODAS las tablas de cierre,[PASS],"Cabecera no existe, ningún dato huérfano detectado",334,2,,,58.0
Cierre existe en geocom,[PASS],Encontrados 1 registros,334,2,20260307,,
Datos de ventas existen en geocom,[PASS],Encontrados 221 tickets,334,2,20260307,,
Datos de medios pago existen en geocom,[PASS],Encontrados 224 pagos,334,2,20260307,,
Cierre NO existe en DW (validación de faltante),[PASS],Encontrados 0 registros en DW (esperaba 0),,,,2603072140553342,
Detalle del cierre NO existe en DW,[PASS],Encontrados 0 registros en detalle (esperaba 0),334,2,20260307,,
Consistencia de datos (cabecera-detalle),[PASS],Cabecera y detalle: ambos vacíos (correcto),,,,2603072140553342,
Integridad de TODAS las tablas de cierre,[PASS],"Cabecera no existe, ningún dato huérfano detectado",334,2,,,59.0
Cierre existe en geocom,[PASS],Encontrados 1 registros,334,2,20260309,,
Datos de ventas existen en geocom,[WARNING],Encontrados 0 tickets,334,2,20260309,,
Datos de medios pago existen en geocom,[WARNING],Encontrados 0 pagos,334,2,20260309,,
Cierre NO existe en DW (validación de faltante),[PASS],Encontrados 0 registros en DW (esperaba 0),,,,2603092138433342,
Detalle del cierre NO existe en DW,[PASS],Encontrados 0 registros en detalle (esperaba 0),334,2,20260309,,
Consistencia de datos (cabecera-detalle),[PASS],Cabecera y detalle: ambos vacíos (correcto),,,,2603092138433342,
Integridad de TODAS las tablas de cierre,[PASS],"Cabecera no existe, ningún dato huérfano detectado",334,2,,,62.0
Cierre existe en geocom,[PASS],Encontrados 1 registros,334,2,20260314,,
Datos de ventas existen en geocom,[PASS],Encontrados 201 tickets,334,2,20260314,,
Datos de medios pago existen en geocom,[PASS],Encontrados 200 pagos,334,2,20260314,,
Cierre NO existe en DW (validación de faltante),[PASS],Encontrados 0 registros en DW (esperaba 0),,,,2603142130213342,
Detalle del cierre NO existe en DW,[PASS],Encontrados 0 registros en detalle (esperaba 0),334,2,20260314,,
Consistencia de datos (cabecera-detalle),[PASS],Cabecera y detalle: ambos vacíos (correcto),,,,2603142130213342,
Integridad de TODAS las tablas de cierre,[PASS],"Cabecera no existe, ningún dato huérfano detectado",334,2,,,67.0
Cierre existe en geocom,[PASS],Encontrados 1 registros,811,1,20260121,,
Datos de ventas existen en geocom,[PASS],Encontrados 37 tickets,811,1,20260121,,
Datos de medios pago existen en geocom,[PASS],Encontrados 39 pagos,811,1,20260121,,
Cierre NO existe en DW (validación de faltante),[PASS],Encontrados 0 registros en DW (esperaba 0),,,,2601211950538111,
Detalle del cierre NO existe en DW,[PASS],Encontrados 0 registros en detalle (esperaba 0),811,1,20260121,,
Consistencia de datos (cabecera-detalle),[PASS],Cabecera y detalle: ambos vacíos (correcto),,,,2601211950538111,
Integridad de TODAS las tablas de cierre,[PASS],"Cabecera no existe, ningún dato huérfano detectado",811,1,,,2074.0
Cierre existe en geocom,[PASS],Encontrados 1 registros,814,1,20260102,,
Datos de ventas existen en geocom,[PASS],Encontrados 270 tickets,814,1,20260102,,
Datos de medios pago existen en geocom,[PASS],Encontrados 320 pagos,814,1,20260102,,
Cierre NO existe en DW (validación de faltante),[PASS],Encontrados 0 registros en DW (esperaba 0),,,,2601022031098141,
Detalle del cierre NO existe en DW,[PASS],Encontrados 0 registros en detalle (esperaba 0),814,1,20260102,,
Consistencia de datos (cabecera-detalle),[PASS],Cabecera y detalle: ambos vacíos (correcto),,,,2601022031098141,
Integridad de TODAS las tablas de cierre,[PASS],"Cabecera no existe, ningún dato huérfano detectado",814,1,,,2523.0
Cierre existe en geocom,[PASS],Encontrados 1 registros,814,1,20260107,,
Datos de ventas existen en geocom,[PASS],Encontrados 252 tickets,814,1,20260107,,
Datos de medios pago existen en geocom,[PASS],Encontrados 277 pagos,814,1,20260107,,
Cierre NO existe en DW (validación de faltante),[PASS],Encontrados 0 registros en DW (esperaba 0),,,,2601072034268141,
Detalle del cierre NO existe en DW,[PASS],Encontrados 0 registros en detalle (esperaba 0),814,1,20260107,,
Consistencia de datos (cabecera-detalle),[PASS],Cabecera y detalle: ambos vacíos (correcto),,,,2601072034268141,
Integridad de TODAS las tablas de cierre,[PASS],"Cabecera no existe, ningún dato huérfano detectado",814,1,,,2528.0
Cierre existe en geocom,[PASS],Encontrados 1 registros,814,1,20260113,,
Datos de ventas existen en geocom,[PASS],Encontrados 214 tickets,814,1,20260113,,
Datos de medios pago existen en geocom,[PASS],Encontrados 258 pagos,814,1,20260113,,
Cierre NO existe en DW (validación de faltante),[PASS],Encontrados 0 registros en DW (esperaba 0),,,,2601132042188141,
Detalle del cierre NO existe en DW,[PASS],Encontrados 0 registros en detalle (esperaba 0),814,1,20260113,,
Consistencia de datos (cabecera-detalle),[PASS],Cabecera y detalle: ambos vacíos (correcto),,,,2601132042188141,
Integridad de TODAS las tablas de cierre,[PASS],"Cabecera no existe, ningún dato huérfano detectado",814,1,,,2534.0
Cierre existe en geocom,[PASS],Encontrados 1 registros,814,1,20260121,,
Datos de ventas existen en geocom,[PASS],Encontrados 268 tickets,814,1,20260121,,
Datos de medios pago existen en geocom,[PASS],Encontrados 315 pagos,814,1,20260121,,
Cierre NO existe en DW (validación de faltante),[PASS],Encontrados 0 registros en DW (esperaba 0),,,,2601212021448141,
Detalle del cierre NO existe en DW,[PASS],Encontrados 0 registros en detalle (esperaba 0),814,1,20260121,,
Consistencia de datos (cabecera-detalle),[PASS],Cabecera y detalle: ambos vacíos (correcto),,,,2601212021448141,
Integridad de TODAS las tablas de cierre,[PASS],"Cabecera no existe, ningún dato huérfano detectado",814,1,,,2542.0
Cierre existe en geocom,[PASS],Encontrados 1 registros,814,1,20260130,,
Datos de ventas existen en geocom,[PASS],Encontrados 367 tickets,814,1,20260130,,
Datos de medios pago existen en geocom,[PASS],Encontrados 418 pagos,814,1,20260130,,
Cierre NO existe en DW (validación de faltante),[PASS],Encontrados 0 registros en DW (esperaba 0),,,,2601302033598141,
Detalle del cierre NO existe en DW,[PASS],Encontrados 0 registros en detalle (esperaba 0),814,1,20260130,,
Consistencia de datos (cabecera-detalle),[PASS],Cabecera y detalle: ambos vacíos (correcto),,,,2601302033598141,
Integridad de TODAS las tablas de cierre,[PASS],"Cabecera no existe, ningún dato huérfano detectado",814,1,,,2551.0
Cierre existe en geocom,[PASS],Encontrados 1 registros,814,1,20260202,,
Datos de ventas existen en geocom,[PASS],Encontrados 348 tickets,814,1,20260202,,
Datos de medios pago existen en geocom,[PASS],Encontrados 414 pagos,814,1,20260202,,
Cierre NO existe en DW (validación de faltante),[PASS],Encontrados 0 registros en DW (esperaba 0),,,,2602022035448141,
Detalle del cierre NO existe en DW,[PASS],Encontrados 0 registros en detalle (esperaba 0),814,1,20260202,,
Consistencia de datos (cabecera-detalle),[PASS],Cabecera y detalle: ambos vacíos (correcto),,,,2602022035448141,
Integridad de TODAS las tablas de cierre,[PASS],"Cabecera no existe, ningún dato huérfano detectado",814,1,,,2554.0
Cierre existe en geocom,[PASS],Encontrados 1 registros,814,1,20260218,,
Datos de ventas existen en geocom,[PASS],Encontrados 272 tickets,814,1,20260218,,
Datos de medios pago existen en geocom,[PASS],Encontrados 449 pagos,814,1,20260218,,
Cierre NO existe en DW (validación de faltante),[PASS],Encontrados 0 registros en DW (esperaba 0),,,,2602182041018141,
Detalle del cierre NO existe en DW,[PASS],Encontrados 0 registros en detalle (esperaba 0),814,1,20260218,,
Consistencia de datos (cabecera-detalle),[PASS],Cabecera y detalle: ambos vacíos (correcto),,,,2602182041018141,
Integridad de TODAS las tablas de cierre,[PASS],"Cabecera no existe, ningún dato huérfano detectado",814,1,,,2571.0
Cierre existe en geocom,[PASS],Encontrados 1 registros,814,1,20260225,,
Datos de ventas existen en geocom,[PASS],Encontrados 315 tickets,814,1,20260225,,
Datos de medios pago existen en geocom,[PASS],Encontrados 359 pagos,814,1,20260225,,
Cierre NO existe en DW (validación de faltante),[PASS],Encontrados 0 registros en DW (esperaba 0),,,,2602252033028141,
Detalle del cierre NO existe en DW,[PASS],Encontrados 0 registros en detalle (esperaba 0),814,1,20260225,,
Consistencia de datos (cabecera-detalle),[PASS],Cabecera y detalle: ambos vacíos (correcto),,,,2602252033028141,
Integridad de TODAS las tablas de cierre,[PASS],"Cabecera no existe, ningún dato huérfano detectado",814,1,,,2578.0
Cierre existe en geocom,[PASS],Encontrados 1 registros,816,1,20260202,,
Datos de ventas existen en geocom,[PASS],Encontrados 326 tickets,816,1,20260202,,
Datos de medios pago existen en geocom,[PASS],Encontrados 331 pagos,816,1,20260202,,
Cierre NO existe en DW (validación de faltante),[PASS],Encontrados 0 registros en DW (esperaba 0),,,,2602022058068161,
Detalle del cierre NO existe en DW,[PASS],Encontrados 0 registros en detalle (esperaba 0),816,1,20260202,,
Consistencia de datos (cabecera-detalle),[PASS],Cabecera y detalle: ambos vacíos (correcto),,,,2602022058068161,
Integridad de TODAS las tablas de cierre,[PASS],"Cabecera no existe, ningún dato huérfano detectado",816,1,,,87.0
Cierre existe en geocom,[PASS],Encontrados 1 registros,816,1,20260207,,
Datos de ventas existen en geocom,[PASS],Encontrados 125 tickets,816,1,20260207,,
Datos de medios pago existen en geocom,[PASS],Encontrados 91 pagos,816,1,20260207,,
Cierre NO existe en DW (validación de faltante),[PASS],Encontrados 0 registros en DW (esperaba 0),,,,2602072041598161,
Detalle del cierre NO existe en DW,[PASS],Encontrados 0 registros en detalle (esperaba 0),816,1,20260207,,
Consistencia de datos (cabecera-detalle),[PASS],Cabecera y detalle: ambos vacíos (correcto),,,,2602072041598161,
Integridad de TODAS las tablas de cierre,[PASS],"Cabecera no existe, ningún dato huérfano detectado",816,1,,,88.0
Cierre existe en geocom,[PASS],Encontrados 1 registros,816,1,20260209,,
Datos de ventas existen en geocom,[PASS],Encontrados 182 tickets,816,1,20260209,,
Datos de medios pago existen en geocom,[PASS],Encontrados 185 pagos,816,1,20260209,,
Cierre NO existe en DW (validación de faltante),[PASS],Encontrados 0 registros en DW (esperaba 0),,,,2602092058198161,
Detalle del cierre NO existe en DW,[PASS],Encontrados 0 registros en detalle (esperaba 0),816,1,20260209,,
Consistencia de datos (cabecera-detalle),[PASS],Cabecera y detalle: ambos vacíos (correcto),,,,2602092058198161,
Integridad de TODAS las tablas de cierre,[PASS],"Cabecera no existe, ningún dato huérfano detectado",816,1,,,90.0
Cierre existe en geocom,[PASS],Encontrados 1 registros,816,1,20260210,,
Datos de ventas existen en geocom,[PASS],Encontrados 204 tickets,816,1,20260210,,
Datos de medios pago existen en geocom,[PASS],Encontrados 215 pagos,816,1,20260210,,
Cierre NO existe en DW (validación de faltante),[PASS],Encontrados 0 registros en DW (esperaba 0),,,,2602102046228161,
Detalle del cierre NO existe en DW,[PASS],Encontrados 0 registros en detalle (esperaba 0),816,1,20260210,,
Consistencia de datos (cabecera-detalle),[PASS],Cabecera y detalle: ambos vacíos (correcto),,,,2602102046228161,
Integridad de TODAS las tablas de cierre,[PASS],"Cabecera no existe, ningún dato huérfano detectado",816,1,,,91.0
Cierre existe en geocom,[PASS],Encontrados 1 registros,816,1,20260211,,
Datos de ventas existen en geocom,[PASS],Encontrados 255 tickets,816,1,20260211,,
Datos de medios pago existen en geocom,[PASS],Encontrados 302 pagos,816,1,20260211,,
Cierre NO existe en DW (validación de faltante),[PASS],Encontrados 0 registros en DW (esperaba 0),,,,2602112049258161,
Detalle del cierre NO existe en DW,[PASS],Encontrados 0 registros en detalle (esperaba 0),816,1,20260211,,
Consistencia de datos (cabecera-detalle),[PASS],Cabecera y detalle: ambos vacíos (correcto),,,,2602112049258161,
Integridad de TODAS las tablas de cierre,[PASS],"Cabecera no existe, ningún dato huérfano detectado",816,1,,,92.0
Cierre existe en geocom,[PASS],Encontrados 1 registros,816,1,20260212,,
Datos de ventas existen en geocom,[PASS],Encontrados 181 tickets,816,1,20260212,,
Datos de medios pago existen en geocom,[PASS],Encontrados 179 pagos,816,1,20260212,,
Cierre NO existe en DW (validación de faltante),[PASS],Encontrados 0 registros en DW (esperaba 0),,,,2602122036268161,
Detalle del cierre NO existe en DW,[PASS],Encontrados 0 registros en detalle (esperaba 0),816,1,20260212,,
Consistencia de datos (cabecera-detalle),[PASS],Cabecera y detalle: ambos vacíos (correcto),,,,2602122036268161,
Integridad de TODAS las tablas de cierre,[PASS],"Cabecera no existe, ningún dato huérfano detectado",816,1,,,93.0
Cierre existe en geocom,[PASS],Encontrados 1 registros,816,1,20260216,,
Datos de ventas existen en geocom,[PASS],Encontrados 259 tickets,816,1,20260216,,
Datos de medios pago existen en geocom,[PASS],Encontrados 257 pagos,816,1,20260216,,
Cierre NO existe en DW (validación de faltante),[PASS],Encontrados 0 registros en DW (esperaba 0),,,,2602162050178161,
Detalle del cierre NO existe en DW,[PASS],Encontrados 0 registros en detalle (esperaba 0),816,1,20260216,,
Consistencia de datos (cabecera-detalle),[PASS],Cabecera y detalle: ambos vacíos (correcto),,,,2602162050178161,
Integridad de TODAS las tablas de cierre,[PASS],"Cabecera no existe, ningún dato huérfano detectado",816,1,,,97.0
Cierre existe en geocom,[PASS],Encontrados 1 registros,816,1,20260218,,
Datos de ventas existen en geocom,[PASS],Encontrados 268 tickets,816,1,20260218,,
Datos de medios pago existen en geocom,[PASS],Encontrados 291 pagos,816,1,20260218,,
Cierre NO existe en DW (validación de faltante),[PASS],Encontrados 0 registros en DW (esperaba 0),,,,2602182041318161,
Detalle del cierre NO existe en DW,[PASS],Encontrados 0 registros en detalle (esperaba 0),816,1,20260218,,
Consistencia de datos (cabecera-detalle),[PASS],Cabecera y detalle: ambos vacíos (correcto),,,,2602182041318161,
Integridad de TODAS las tablas de cierre,[PASS],"Cabecera no existe, ningún dato huérfano detectado",816,1,,,99.0
Cierre existe en geocom,[PASS],Encontrados 1 registros,816,1,20260220,,
Datos de ventas existen en geocom,[PASS],Encontrados 68 tickets,816,1,20260220,,
Datos de medios pago existen en geocom,[PASS],Encontrados 68 pagos,816,1,20260220,,
Cierre NO existe en DW (validación de faltante),[PASS],Encontrados 0 registros en DW (esperaba 0),,,,2602202049418161,
Detalle del cierre NO existe en DW,[PASS],Encontrados 0 registros en detalle (esperaba 0),816,1,20260220,,
Consistencia de datos (cabecera-detalle),[PASS],Cabecera y detalle: ambos vacíos (correcto),,,,2602202049418161,
Integridad de TODAS las tablas de cierre,[PASS],"Cabecera no existe, ningún dato huérfano detectado",816,1,,,102.0
Cierre existe en geocom,[PASS],Encontrados 1 registros,816,1,20260221,,
Datos de ventas existen en geocom,[PASS],Encontrados 190 tickets,816,1,20260221,,
Datos de medios pago existen en geocom,[PASS],Encontrados 212 pagos,816,1,20260221,,
Cierre NO existe en DW (validación de faltante),[PASS],Encontrados 0 registros en DW (esperaba 0),,,,2602212045108161,
Detalle del cierre NO existe en DW,[PASS],Encontrados 0 registros en detalle (esperaba 0),816,1,20260221,,
Consistencia de datos (cabecera-detalle),[PASS],Cabecera y detalle: ambos vacíos (correcto),,,,2602212045108161,
Integridad de TODAS las tablas de cierre,[PASS],"Cabecera no existe, ningún dato huérfano detectado",816,1,,,103.0
Cierre existe en geocom,[PASS],Encontrados 1 registros,816,1,20260225,,
Datos de ventas existen en geocom,[PASS],Encontrados 224 tickets,816,1,20260225,,
Datos de medios pago existen en geocom,[PASS],Encontrados 229 pagos,816,1,20260225,,
Cierre NO existe en DW (validación de faltante),[PASS],Encontrados 0 registros en DW (esperaba 0),,,,2602252056048161,
Detalle del cierre NO existe en DW,[PASS],Encontrados 0 registros en detalle (esperaba 0),816,1,20260225,,
Consistencia de datos (cabecera-detalle),[PASS],Cabecera y detalle: ambos vacíos (correcto),,,,2602252056048161,
Integridad de TODAS las tablas de cierre,[PASS],"Cabecera no existe, ningún dato huérfano detectado",816,1,,,107.0
Cierre existe en geocom,[PASS],Encontrados 1 registros,816,1,20260312,,
Datos de ventas existen en geocom,[WARNING],Encontrados 0 tickets,816,1,20260312,,
Datos de medios pago existen en geocom,[WARNING],Encontrados 0 pagos,816,1,20260312,,
Cierre NO existe en DW (validación de faltante),[PASS],Encontrados 0 registros en DW (esperaba 0),,,,2603121112508161,
Detalle del cierre NO existe en DW,[PASS],Encontrados 0 registros en detalle (esperaba 0),816,1,20260312,,
Consistencia de datos (cabecera-detalle),[PASS],Cabecera y detalle: ambos vacíos (correcto),,,,2603121112508161,
Integridad de TODAS las tablas de cierre,[PASS],"Cabecera no existe, ningún dato huérfano detectado",816,1,,,1.0
Cierre existe en geocom,[PASS],Encontrados 1 registros,816,1,20260312,,
Datos de ventas existen en geocom,[PASS],Encontrados 43 tickets,816,1,20260312,,
Datos de medios pago existen en geocom,[PASS],Encontrados 36 pagos,816,1,20260312,,
Cierre NO existe en DW (validación de faltante),[PASS],Encontrados 0 registros en DW (esperaba 0),,,,2603122035128161,
Detalle del cierre NO existe en DW,[PASS],Encontrados 0 registros en detalle (esperaba 0),816,1,20260312,,
Consistencia de datos (cabecera-detalle),[PASS],Cabecera y detalle: ambos vacíos (correcto),,,,2603122035128161,
Integridad de TODAS las tablas de cierre,[PASS],"Cabecera no existe, ningún dato huérfano detectado",816,1,,,2.0
Cierre existe en geocom,[PASS],Encontrados 1 registros,816,1,20260313,,
Datos de ventas existen en geocom,[PASS],Encontrados 230 tickets,816,1,20260313,,
Datos de medios pago existen en geocom,[PASS],Encontrados 230 pagos,816,1,20260313,,
Cierre NO existe en DW (validación de faltante),[PASS],Encontrados 0 registros en DW (esperaba 0),,,,2603132037018161,
Detalle del cierre NO existe en DW,[PASS],Encontrados 0 registros en detalle (esperaba 0),816,1,20260313,,
Consistencia de datos (cabecera-detalle),[PASS],Cabecera y detalle: ambos vacíos (correcto),,,,2603132037018161,
Integridad de TODAS las tablas de cierre,[PASS],"Cabecera no existe, ningún dato huérfano detectado",816,1,,,3.0
Cierre existe en geocom,[PASS],Encontrados 1 registros,816,1,20260314,,
Datos de ventas existen en geocom,[PASS],Encontrados 108 tickets,816,1,20260314,,
Datos de medios pago existen en geocom,[PASS],Encontrados 117 pagos,816,1,20260314,,
Cierre NO existe en DW (validación de faltante),[PASS],Encontrados 0 registros en DW (esperaba 0),,,,2603142024108161,
Detalle del cierre NO existe en DW,[PASS],Encontrados 0 registros en detalle (esperaba 0),816,1,20260314,,
Consistencia de datos (cabecera-detalle),[PASS],Cabecera y detalle: ambos vacíos (correcto),,,,2603142024108161,
Integridad de TODAS las tablas de cierre,[PASS],"Cabecera no existe, ningún dato huérfano detectado",816,1,,,4.0
Cierre existe en geocom,[PASS],Encontrados 1 registros,816,1,20260315,,
Datos de ventas existen en geocom,[PASS],Encontrados 87 tickets,816,1,20260315,,
Datos de medios pago existen en geocom,[PASS],Encontrados 120 pagos,816,1,20260315,,
Cierre NO existe en DW (validación de faltante),[PASS],Encontrados 0 registros en DW (esperaba 0),,,,2603151925418161,
Detalle del cierre NO existe en DW,[PASS],Encontrados 0 registros en detalle (esperaba 0),816,1,20260315,,
Consistencia de datos (cabecera-detalle),[PASS],Cabecera y detalle: ambos vacíos (correcto),,,,2603151925418161,
Integridad de TODAS las tablas de cierre,[PASS],"Cabecera no existe, ningún dato huérfano detectado",816,1,,,5.0
Cierre existe en geocom,[PASS],Encontrados 1 registros,816,2,20260202,,
Datos de ventas existen en geocom,[PASS],Encontrados 69 tickets,816,2,20260202,,
Datos de medios pago existen en geocom,[PASS],Encontrados 65 pagos,816,2,20260202,,
Cierre NO existe en DW (validación de faltante),[PASS],Encontrados 0 registros en DW (esperaba 0),,,,2602022039588162,
Detalle del cierre NO existe en DW,[PASS],Encontrados 0 registros en detalle (esperaba 0),816,2,20260202,,
Consistencia de datos (cabecera-detalle),[PASS],Cabecera y detalle: ambos vacíos (correcto),,,,2602022039588162,
Integridad de TODAS las tablas de cierre,[PASS],"Cabecera no existe, ningún dato huérfano detectado",816,2,,,19.0
Cierre existe en geocom,[PASS],Encontrados 1 registros,816,2,20260203,,
Datos de ventas existen en geocom,[PASS],Encontrados 326 tickets,816,2,20260203,,
Datos de medios pago existen en geocom,[PASS],Encontrados 336 pagos,816,2,20260203,,
Cierre NO existe en DW (validación de faltante),[PASS],Encontrados 0 registros en DW (esperaba 0),,,,2602032041308162,
Detalle del cierre NO existe en DW,[PASS],Encontrados 0 registros en detalle (esperaba 0),816,2,20260203,,
Consistencia de datos (cabecera-detalle),[PASS],Cabecera y detalle: ambos vacíos (correcto),,,,2602032041308162,
Integridad de TODAS las tablas de cierre,[PASS],"Cabecera no existe, ningún dato huérfano detectado",816,2,,,20.0
Cierre existe en geocom,[PASS],Encontrados 1 registros,816,2,20260204,,
Datos de ventas existen en geocom,[PASS],Encontrados 348 tickets,816,2,20260204,,
Datos de medios pago existen en geocom,[PASS],Encontrados 389 pagos,816,2,20260204,,
Cierre NO existe en DW (validación de faltante),[PASS],Encontrados 0 registros en DW (esperaba 0),,,,2602042042028162,
Detalle del cierre NO existe en DW,[PASS],Encontrados 0 registros en detalle (esperaba 0),816,2,20260204,,
Consistencia de datos (cabecera-detalle),[PASS],Cabecera y detalle: ambos vacíos (correcto),,,,2602042042028162,
Integridad de TODAS las tablas de cierre,[PASS],"Cabecera no existe, ningún dato huérfano detectado",816,2,,,21.0
Cierre existe en geocom,[PASS],Encontrados 1 registros,816,2,20260205,,
Datos de ventas existen en geocom,[PASS],Encontrados 337 tickets,816,2,20260205,,
Datos de medios pago existen en geocom,[PASS],Encontrados 381 pagos,816,2,20260205,,
Cierre NO existe en DW (validación de faltante),[PASS],Encontrados 0 registros en DW (esperaba 0),,,,2602052037198162,
Detalle del cierre NO existe en DW,[PASS],Encontrados 0 registros en detalle (esperaba 0),816,2,20260205,,
Consistencia de datos (cabecera-detalle),[PASS],Cabecera y detalle: ambos vacíos (correcto),,,,2602052037198162,
Integridad de TODAS las tablas de cierre,[PASS],"Cabecera no existe, ningún dato huérfano detectado",816,2,,,22.0
Cierre existe en geocom,[PASS],Encontrados 1 registros,816,2,20260206,,
Datos de ventas existen en geocom,[PASS],Encontrados 346 tickets,816,2,20260206,,
Datos de medios pago existen en geocom,[PASS],Encontrados 380 pagos,816,2,20260206,,
Cierre NO existe en DW (validación de faltante),[PASS],Encontrados 0 registros en DW (esperaba 0),,,,2602062035018162,
Detalle del cierre NO existe en DW,[PASS],Encontrados 0 registros en detalle (esperaba 0),816,2,20260206,,
Consistencia de datos (cabecera-detalle),[PASS],Cabecera y detalle: ambos vacíos (correcto),,,,2602062035018162,
Integridad de TODAS las tablas de cierre,[PASS],"Cabecera no existe, ningún dato huérfano detectado",816,2,,,23.0
Cierre existe en geocom,[PASS],Encontrados 1 registros,816,2,20260207,,
Datos de ventas existen en geocom,[PASS],Encontrados 261 tickets,816,2,20260207,,
Datos de medios pago existen en geocom,[PASS],Encontrados 308 pagos,816,2,20260207,,
Cierre NO existe en DW (validación de faltante),[PASS],Encontrados 0 registros en DW (esperaba 0),,,,2602072040338162,
Detalle del cierre NO existe en DW,[PASS],Encontrados 0 registros en detalle (esperaba 0),816,2,20260207,,
Consistencia de datos (cabecera-detalle),[PASS],Cabecera y detalle: ambos vacíos (correcto),,,,2602072040338162,
Integridad de TODAS las tablas de cierre,[PASS],"Cabecera no existe, ningún dato huérfano detectado",816,2,,,24.0
Cierre existe en geocom,[PASS],Encontrados 1 registros,816,2,20260211,,
Datos de ventas existen en geocom,[PASS],Encontrados 107 tickets,816,2,20260211,,
Datos de medios pago existen en geocom,[PASS],Encontrados 116 pagos,816,2,20260211,,
Cierre NO existe en DW (validación de faltante),[PASS],Encontrados 0 registros en DW (esperaba 0),,,,2602112046598162,
Detalle del cierre NO existe en DW,[PASS],Encontrados 0 registros en detalle (esperaba 0),816,2,20260211,,
Consistencia de datos (cabecera-detalle),[PASS],Cabecera y detalle: ambos vacíos (correcto),,,,2602112046598162,
Integridad de TODAS las tablas de cierre,[PASS],"Cabecera no existe, ningún dato huérfano detectado",816,2,,,28.0
Cierre existe en geocom,[PASS],Encontrados 1 registros,816,2,20260212,,
Datos de ventas existen en geocom,[PASS],Encontrados 132 tickets,816,2,20260212,,
Datos de medios pago existen en geocom,[PASS],Encontrados 160 pagos,816,2,20260212,,
Cierre NO existe en DW (validación de faltante),[PASS],Encontrados 0 registros en DW (esperaba 0),,,,2602122044278162,
Detalle del cierre NO existe en DW,[PASS],Encontrados 0 registros en detalle (esperaba 0),816,2,20260212,,
Consistencia de datos (cabecera-detalle),[PASS],Cabecera y detalle: ambos vacíos (correcto),,,,2602122044278162,
Integridad de TODAS las tablas de cierre,[PASS],"Cabecera no existe, ningún dato huérfano detectado",816,2,,,29.0
Cierre existe en geocom,[PASS],Encontrados 1 registros,816,2,20260213,,
Datos de ventas existen en geocom,[PASS],Encontrados 235 tickets,816,2,20260213,,
Datos de medios pago existen en geocom,[PASS],Encontrados 248 pagos,816,2,20260213,,
Cierre NO existe en DW (validación de faltante),[PASS],Encontrados 0 registros en DW (esperaba 0),,,,2602132042358162,
Detalle del cierre NO existe en DW,[PASS],Encontrados 0 registros en detalle (esperaba 0),816,2,20260213,,
Consistencia de datos (cabecera-detalle),[PASS],Cabecera y detalle: ambos vacíos (correcto),,,,2602132042358162,
Integridad de TODAS las tablas de cierre,[PASS],"Cabecera no existe, ningún dato huérfano detectado",816,2,,,30.0
Cierre existe en geocom,[PASS],Encontrados 1 registros,816,2,20260216,,
Datos de ventas existen en geocom,[PASS],Encontrados 163 tickets,816,2,20260216,,
Datos de medios pago existen en geocom,[PASS],Encontrados 170 pagos,816,2,20260216,,
Cierre NO existe en DW (validación de faltante),[PASS],Encontrados 0 registros en DW (esperaba 0),,,,2602162056178162,
Detalle del cierre NO existe en DW,[PASS],Encontrados 0 registros en detalle (esperaba 0),816,2,20260216,,
Consistencia de datos (cabecera-detalle),[PASS],Cabecera y detalle: ambos vacíos (correcto),,,,2602162056178162,
Integridad de TODAS las tablas de cierre,[PASS],"Cabecera no existe, ningún dato huérfano detectado",816,2,,,33.0
Cierre existe en geocom,[PASS],Encontrados 1 registros,816,2,20260217,,
Datos de ventas existen en geocom,[PASS],Encontrados 169 tickets,816,2,20260217,,
Datos de medios pago existen en geocom,[PASS],Encontrados 171 pagos,816,2,20260217,,
Cierre NO existe en DW (validación de faltante),[PASS],Encontrados 0 registros en DW (esperaba 0),,,,2602172039178162,
Detalle del cierre NO existe en DW,[PASS],Encontrados 0 registros en detalle (esperaba 0),816,2,20260217,,
Consistencia de datos (cabecera-detalle),[PASS],Cabecera y detalle: ambos vacíos (correcto),,,,2602172039178162,
Integridad de TODAS las tablas de cierre,[PASS],"Cabecera no existe, ningún dato huérfano detectado",816,2,,,34.0
Cierre existe en geocom,[PASS],Encontrados 1 registros,816,2,20260220,,
Datos de ventas existen en geocom,[PASS],Encontrados 75 tickets,816,2,20260220,,
Datos de medios pago existen en geocom,[PASS],Encontrados 73 pagos,816,2,20260220,,
Cierre NO existe en DW (validación de faltante),[PASS],Encontrados 0 registros en DW (esperaba 0),,,,2602202048098162,
Detalle del cierre NO existe en DW,[PASS],Encontrados 0 registros en detalle (esperaba 0),816,2,20260220,,
Consistencia de datos (cabecera-detalle),[PASS],Cabecera y detalle: ambos vacíos (correcto),,,,2602202048098162,
Integridad de TODAS las tablas de cierre,[PASS],"Cabecera no existe, ningún dato huérfano detectado",816,2,,,37.0
Cierre existe en geocom,[PASS],Encontrados 1 registros,816,2,20260221,,
Datos de ventas existen en geocom,[PASS],Encontrados 137 tickets,816,2,20260221,,
Datos de medios pago existen en geocom,[PASS],Encontrados 144 pagos,816,2,20260221,,
Cierre NO existe en DW (validación de faltante),[PASS],Encontrados 0 registros en DW (esperaba 0),,,,2602212040208162,
Detalle del cierre NO existe en DW,[PASS],Encontrados 0 registros en detalle (esperaba 0),816,2,20260221,,
Consistencia de datos (cabecera-detalle),[PASS],Cabecera y detalle: ambos vacíos (correcto),,,,2602212040208162,
Integridad de TODAS las tablas de cierre,[PASS],"Cabecera no existe, ningún dato huérfano detectado",816,2,,,38.0
Cierre existe en geocom,[PASS],Encontrados 1 registros,816,2,20260224,,
Datos de ventas existen en geocom,[PASS],Encontrados 127 tickets,816,2,20260224,,
Datos de medios pago existen en geocom,[PASS],Encontrados 133 pagos,816,2,20260224,,
Cierre NO existe en DW (validación de faltante),[PASS],Encontrados 0 registros en DW (esperaba 0),,,,2602242034258162,
Detalle del cierre NO existe en DW,[PASS],Encontrados 0 registros en detalle (esperaba 0),816,2,20260224,,
Consistencia de datos (cabecera-detalle),[PASS],Cabecera y detalle: ambos vacíos (correcto),,,,2602242034258162,
Integridad de TODAS las tablas de cierre,[PASS],"Cabecera no existe, ningún dato huérfano detectado",816,2,,,41.0
Cierre existe en geocom,[PASS],Encontrados 1 registros,816,2,20260225,,
Datos de ventas existen en geocom,[PASS],Encontrados 163 tickets,816,2,20260225,,
Datos de medios pago existen en geocom,[PASS],Encontrados 184 pagos,816,2,20260225,,
Cierre NO existe en DW (validación de faltante),[PASS],Encontrados 0 registros en DW (esperaba 0),,,,2602252049268162,
Detalle del cierre NO existe en DW,[PASS],Encontrados 0 registros en detalle (esperaba 0),816,2,20260225,,
Consistencia de datos (cabecera-detalle),[PASS],Cabecera y detalle: ambos vacíos (correcto),,,,2602252049268162,
Integridad de TODAS las tablas de cierre,[PASS],"Cabecera no existe, ningún dato huérfano detectado",816,2,,,42.0
Cierre existe en geocom,[PASS],Encontrados 1 registros,816,2,20260226,,
Datos de ventas existen en geocom,[PASS],Encontrados 335 tickets,816,2,20260226,,
Datos de medios pago existen en geocom,[PASS],Encontrados 382 pagos,816,2,20260226,,
Cierre NO existe en DW (validación de faltante),[PASS],Encontrados 0 registros en DW (esperaba 0),,,,2602262051588162,
Detalle del cierre NO existe en DW,[PASS],Encontrados 0 registros en detalle (esperaba 0),816,2,20260226,,
Consistencia de datos (cabecera-detalle),[PASS],Cabecera y detalle: ambos vacíos (correcto),,,,2602262051588162,
Integridad de TODAS las tablas de cierre,[PASS],"Cabecera no existe, ningún dato huérfano detectado",816,2,,,43.0
Cierre existe en geocom,[PASS],Encontrados 1 registros,816,2,20260227,,
Datos de ventas existen en geocom,[PASS],Encontrados 414 tickets,816,2,20260227,,
Datos de medios pago existen en geocom,[PASS],Encontrados 460 pagos,816,2,20260227,,
Cierre NO existe en DW (validación de faltante),[PASS],Encontrados 0 registros en DW (esperaba 0),,,,2602272053248162,
Detalle del cierre NO existe en DW,[PASS],Encontrados 0 registros en detalle (esperaba 0),816,2,20260227,,
Consistencia de datos (cabecera-detalle),[PASS],Cabecera y detalle: ambos vacíos (correcto),,,,2602272053248162,
Integridad de TODAS las tablas de cierre,[PASS],"Cabecera no existe, ningún dato huérfano detectado",816,2,,,44.0
Cierre existe en geocom,[PASS],Encontrados 1 registros,816,2,20260228,,
Datos de ventas existen en geocom,[PASS],Encontrados 354 tickets,816,2,20260228,,
Datos de medios pago existen en geocom,[PASS],Encontrados 424 pagos,816,2,20260228,,
Cierre NO existe en DW (validación de faltante),[PASS],Encontrados 0 registros en DW (esperaba 0),,,,2602282036468162,
Detalle del cierre NO existe en DW,[PASS],Encontrados 0 registros en detalle (esperaba 0),816,2,20260228,,
Consistencia de datos (cabecera-detalle),[PASS],Cabecera y detalle: ambos vacíos (correcto),,,,2602282036468162,
Integridad de TODAS las tablas de cierre,[PASS],"Cabecera no existe, ningún dato huérfano detectado",816,2,,,45.0
Cierre existe en geocom,[PASS],Encontrados 1 registros,817,1,20260107,,
Datos de ventas existen en geocom,[PASS],Encontrados 72 tickets,817,1,20260107,,
Datos de medios pago existen en geocom,[PASS],Encontrados 78 pagos,817,1,20260107,,
Cierre NO existe en DW (validación de faltante),[PASS],Encontrados 0 registros en DW (esperaba 0),,,,2601071930208171,
Detalle del cierre NO existe en DW,[PASS],Encontrados 0 registros en detalle (esperaba 0),817,1,20260107,,
Consistencia de datos (cabecera-detalle),[PASS],Cabecera y detalle: ambos vacíos (correcto),,,,2601071930208171,
Integridad de TODAS las tablas de cierre,[PASS],"Cabecera no existe, ningún dato huérfano detectado",817,1,,,2473.0
Cierre existe en geocom,[PASS],Encontrados 1 registros,817,1,20260108,,
Datos de ventas existen en geocom,[PASS],Encontrados 91 tickets,817,1,20260108,,
Datos de medios pago existen en geocom,[PASS],Encontrados 101 pagos,817,1,20260108,,
Cierre NO existe en DW (validación de faltante),[PASS],Encontrados 0 registros en DW (esperaba 0),,,,2601081922548171,
Detalle del cierre NO existe en DW,[PASS],Encontrados 0 registros en detalle (esperaba 0),817,1,20260108,,
Consistencia de datos (cabecera-detalle),[PASS],Cabecera y detalle: ambos vacíos (correcto),,,,2601081922548171,
Integridad de TODAS las tablas de cierre,[PASS],"Cabecera no existe, ningún dato huérfano detectado",817,1,,,2474.0
Cierre existe en geocom,[PASS],Encontrados 1 registros,817,1,20260112,,
Datos de ventas existen en geocom,[PASS],Encontrados 98 tickets,817,1,20260112,,
Datos de medios pago existen en geocom,[PASS],Encontrados 94 pagos,817,1,20260112,,
Cierre NO existe en DW (validación de faltante),[PASS],Encontrados 0 registros en DW (esperaba 0),,,,2601121942388171,
Detalle del cierre NO existe en DW,[PASS],Encontrados 0 registros en detalle (esperaba 0),817,1,20260112,,
Consistencia de datos (cabecera-detalle),[PASS],Cabecera y detalle: ambos vacíos (correcto),,,,2601121942388171,
Integridad de TODAS las tablas de cierre,[PASS],"Cabecera no existe, ningún dato huérfano detectado",817,1,,,2478.0
Cierre existe en geocom,[PASS],Encontrados 1 registros,817,1,20260131,,
Datos de ventas existen en geocom,[PASS],Encontrados 65 tickets,817,1,20260131,,
Datos de medios pago existen en geocom,[PASS],Encontrados 76 pagos,817,1,20260131,,
Cierre NO existe en DW (validación de faltante),[PASS],Encontrados 0 registros en DW (esperaba 0),,,,2601311953238171,
Detalle del cierre NO existe en DW,[PASS],Encontrados 0 registros en detalle (esperaba 0),817,1,20260131,,
Consistencia de datos (cabecera-detalle),[PASS],Cabecera y detalle: ambos vacíos (correcto),,,,2601311953238171,
Integridad de TODAS las tablas de cierre,[PASS],"Cabecera no existe, ningún dato huérfano detectado",817,1,,,2498.0
Cierre existe en geocom,[PASS],Encontrados 1 registros,817,1,20260131,,
Datos de ventas existen en geocom,[WARNING],Encontrados 0 tickets,817,1,20260131,,
Datos de medios pago existen en geocom,[WARNING],Encontrados 0 pagos,817,1,20260131,,
Cierre NO existe en DW (validación de faltante),[PASS],Encontrados 0 registros en DW (esperaba 0),,,,2601311959528171,
Detalle del cierre NO existe en DW,[PASS],Encontrados 0 registros en detalle (esperaba 0),817,1,20260131,,
Consistencia de datos (cabecera-detalle),[PASS],Cabecera y detalle: ambos vacíos (correcto),,,,2601311959528171,
Integridad de TODAS las tablas de cierre,[PASS],"Cabecera no existe, ningún dato huérfano detectado",817,1,,,2499.0
Cierre existe en geocom,[PASS],Encontrados 1 registros,817,1,20260203,,
Datos de ventas existen en geocom,[PASS],Encontrados 55 tickets,817,1,20260203,,
Datos de medios pago existen en geocom,[PASS],Encontrados 60 pagos,817,1,20260203,,
Cierre NO existe en DW (validación de faltante),[PASS],Encontrados 0 registros en DW (esperaba 0),,,,2602031927478171,
Detalle del cierre NO existe en DW,[PASS],Encontrados 0 registros en detalle (esperaba 0),817,1,20260203,,
Consistencia de datos (cabecera-detalle),[PASS],Cabecera y detalle: ambos vacíos (correcto),,,,2602031927478171,
Integridad de TODAS las tablas de cierre,[PASS],"Cabecera no existe, ningún dato huérfano detectado",817,1,,,2502.0
Cierre existe en geocom,[PASS],Encontrados 1 registros,817,1,20260204,,
Datos de ventas existen en geocom,[PASS],Encontrados 121 tickets,817,1,20260204,,
Datos de medios pago existen en geocom,[PASS],Encontrados 133 pagos,817,1,20260204,,
Cierre NO existe en DW (validación de faltante),[PASS],Encontrados 0 registros en DW (esperaba 0),,,,2602041930398171,
Detalle del cierre NO existe en DW,[PASS],Encontrados 0 registros en detalle (esperaba 0),817,1,20260204,,
Consistencia de datos (cabecera-detalle),[PASS],Cabecera y detalle: ambos vacíos (correcto),,,,2602041930398171,
Integridad de TODAS las tablas de cierre,[PASS],"Cabecera no existe, ningún dato huérfano detectado",817,1,,,2503.0
Cierre existe en geocom,[PASS],Encontrados 1 registros,817,1,20260213,,
Datos de ventas existen en geocom,[PASS],Encontrados 118 tickets,817,1,20260213,,
Datos de medios pago existen en geocom,[PASS],Encontrados 115 pagos,817,1,20260213,,
Cierre NO existe en DW (validación de faltante),[PASS],Encontrados 0 registros en DW (esperaba 0),,,,2602131952268171,
Detalle del cierre NO existe en DW,[PASS],Encontrados 0 registros en detalle (esperaba 0),817,1,20260213,,
Consistencia de datos (cabecera-detalle),[PASS],Cabecera y detalle: ambos vacíos (correcto),,,,2602131952268171,
Integridad de TODAS las tablas de cierre,[PASS],"Cabecera no existe, ningún dato huérfano detectado",817,1,,,2512.0
Cierre existe en geocom,[PASS],Encontrados 1 registros,817,1,20260216,,
Datos de ventas existen en geocom,[PASS],Encontrados 79 tickets,817,1,20260216,,
Datos de medios pago existen en geocom,[PASS],Encontrados 86 pagos,817,1,20260216,,
Cierre NO existe en DW (validación de faltante),[PASS],Encontrados 0 registros en DW (esperaba 0),,,,2602161940208171,
Detalle del cierre NO existe en DW,[PASS],Encontrados 0 registros en detalle (esperaba 0),817,1,20260216,,
Consistencia de datos (cabecera-detalle),[PASS],Cabecera y detalle: ambos vacíos (correcto),,,,2602161940208171,
Integridad de TODAS las tablas de cierre,[PASS],"Cabecera no existe, ningún dato huérfano detectado",817,1,,,2516.0
Cierre existe en geocom,[PASS],Encontrados 1 registros,817,1,20260217,,
Datos de ventas existen en geocom,[PASS],Encontrados 97 tickets,817,1,20260217,,
Datos de medios pago existen en geocom,[PASS],Encontrados 106 pagos,817,1,20260217,,
Cierre NO existe en DW (validación de faltante),[PASS],Encontrados 0 registros en DW (esperaba 0),,,,2602171927528171,
Detalle del cierre NO existe en DW,[PASS],Encontrados 0 registros en detalle (esperaba 0),817,1,20260217,,
Consistencia de datos (cabecera-detalle),[PASS],Cabecera y detalle: ambos vacíos (correcto),,,,2602171927528171,
Integridad de TODAS las tablas de cierre,[PASS],"Cabecera no existe, ningún dato huérfano detectado",817,1,,,2517.0
Cierre existe en geocom,[PASS],Encontrados 1 registros,817,1,20260224,,
Datos de ventas existen en geocom,[PASS],Encontrados 82 tickets,817,1,20260224,,
Datos de medios pago existen en geocom,[PASS],Encontrados 76 pagos,817,1,20260224,,
Cierre NO existe en DW (validación de faltante),[PASS],Encontrados 0 registros en DW (esperaba 0),,,,2602241930048171,
Detalle del cierre NO existe en DW,[PASS],Encontrados 0 registros en detalle (esperaba 0),817,1,20260224,,
Consistencia de datos (cabecera-detalle),[PASS],Cabecera y detalle: ambos vacíos (correcto),,,,2602241930048171,
Integridad de TODAS las tablas de cierre,[PASS],"Cabecera no existe, ningún dato huérfano detectado",817,1,,,2525.0
Cierre existe en geocom,[PASS],Encontrados 1 registros,817,1,20260225,,
Datos de ventas existen en geocom,[PASS],Encontrados 104 tickets,817,1,20260225,,
Datos de medios pago existen en geocom,[PASS],Encontrados 105 pagos,817,1,20260225,,
Cierre NO existe en DW (validación de faltante),[PASS],Encontrados 0 registros en DW (esperaba 0),,,,2602251932188171,
Detalle del cierre NO existe en DW,[PASS],Encontrados 0 registros en detalle (esperaba 0),817,1,20260225,,
Consistencia de datos (cabecera-detalle),[PASS],Cabecera y detalle: ambos vacíos (correcto),,,,2602251932188171,
Integridad de TODAS las tablas de cierre,[PASS],"Cabecera no existe, ningún dato huérfano detectado",817,1,,,2526.0
Cierre existe en geocom,[PASS],Encontrados 1 registros,817,1,20260225,,
Datos de ventas existen en geocom,[WARNING],Encontrados 0 tickets,817,1,20260225,,
Datos de medios pago existen en geocom,[WARNING],Encontrados 0 pagos,817,1,20260225,,
Cierre NO existe en DW (validación de faltante),[PASS],Encontrados 0 registros en DW (esperaba 0),,,,2602251941538171,
Detalle del cierre NO existe en DW,[PASS],Encontrados 0 registros en detalle (esperaba 0),817,1,20260225,,
Consistencia de datos (cabecera-detalle),[PASS],Cabecera y detalle: ambos vacíos (correcto),,,,2602251941538171,
Integridad de TODAS las tablas de cierre,[PASS],"Cabecera no existe, ningún dato huérfano detectado",817,1,,,2527.0
Cierre existe en geocom,[PASS],Encontrados 1 registros,817,1,20260307,,
Datos de ventas existen en geocom,[PASS],Encontrados 108 tickets,817,1,20260307,,
Datos de medios pago existen en geocom,[PASS],Encontrados 106 pagos,817,1,20260307,,
Cierre NO existe en DW (validación de faltante),[PASS],Encontrados 0 registros en DW (esperaba 0),,,,2603072002478171,
Detalle del cierre NO existe en DW,[PASS],Encontrados 0 registros en detalle (esperaba 0),817,1,20260307,,
Consistencia de datos (cabecera-detalle),[PASS],Cabecera y detalle: ambos vacíos (correcto),,,,2603072002478171,
Integridad de TODAS las tablas de cierre,[PASS],"Cabecera no existe, ningún dato huérfano detectado",817,1,,,2537.0
Cierre existe en geocom,[PASS],Encontrados 1 registros,818,1,20260222,,
Datos de ventas existen en geocom,[PASS],Encontrados 178 tickets,818,1,20260222,,
Datos de medios pago existen en geocom,[PASS],Encontrados 180 pagos,818,1,20260222,,
Cierre NO existe en DW (validación de faltante),[PASS],Encontrados 0 registros en DW (esperaba 0),,,,2602222031568181,
Detalle del cierre NO existe en DW,[PASS],Encontrados 0 registros en detalle (esperaba 0),818,1,20260222,,
Consistencia de datos (cabecera-detalle),[PASS],Cabecera y detalle: ambos vacíos (correcto),,,,2602222031568181,
Integridad de TODAS las tablas de cierre,[PASS],"Cabecera no existe, ningún dato huérfano detectado",818,1,,,1057.0
Cierre existe en geocom,[PASS],Encontrados 1 registros,820,1,20260103,,
Datos de ventas existen en geocom,[PASS],Encontrados 182 tickets,820,1,20260103,,
Datos de medios pago existen en geocom,[PASS],Encontrados 187 pagos,820,1,20260103,,
Cierre NO existe en DW (validación de faltante),[PASS],Encontrados 0 registros en DW (esperaba 0),,,,2601032048398201,
Detalle del cierre NO existe en DW,[PASS],Encontrados 0 registros en detalle (esperaba 0),820,1,20260103,,
Consistencia de datos (cabecera-detalle),[PASS],Cabecera y detalle: ambos vacíos (correcto),,,,2601032048398201,
Integridad de TODAS las tablas de cierre,[PASS],"Cabecera no existe, ningún dato huérfano detectado",820,1,,,2092.0
Cierre existe en geocom,[PASS],Encontrados 1 registros,820,1,20260207,,
Datos de ventas existen en geocom,[PASS],Encontrados 231 tickets,820,1,20260207,,
Datos de medios pago existen en geocom,[PASS],Encontrados 229 pagos,820,1,20260207,,
Cierre NO existe en DW (validación de faltante),[PASS],Encontrados 0 registros en DW (esperaba 0),,,,2602072020228201,
Detalle del cierre NO existe en DW,[PASS],Encontrados 0 registros en detalle (esperaba 0),820,1,20260207,,
Consistencia de datos (cabecera-detalle),[PASS],Cabecera y detalle: ambos vacíos (correcto),,,,2602072020228201,
Integridad de TODAS las tablas de cierre,[PASS],"Cabecera no existe, ningún dato huérfano detectado",820,1,,,2127.0
Cierre existe en geocom,[PASS],Encontrados 1 registros,820,1,20260218,,
Datos de ventas existen en geocom,[PASS],Encontrados 268 tickets,820,1,20260218,,
Datos de medios pago existen en geocom,[PASS],Encontrados 280 pagos,820,1,20260218,,
Cierre NO existe en DW (validación de faltante),[PASS],Encontrados 0 registros en DW (esperaba 0),,,,2602182045208201,
Detalle del cierre NO existe en DW,[PASS],Encontrados 0 registros en detalle (esperaba 0),820,1,20260218,,
Consistencia de datos (cabecera-detalle),[PASS],Cabecera y detalle: ambos vacíos (correcto),,,,2602182045208201,
Integridad de TODAS las tablas de cierre,[PASS],"Cabecera no existe, ningún dato huérfano detectado",820,1,,,2138.0
Cierre existe en geocom,[PASS],Encontrados 1 registros,820,1,20260222,,
Datos de ventas existen en geocom,[PASS],Encontrados 147 tickets,820,1,20260222,,
Datos de medios pago existen en geocom,[PASS],Encontrados 140 pagos,820,1,20260222,,
Cierre NO existe en DW (validación de faltante),[PASS],Encontrados 0 registros en DW (esperaba 0),,,,2602221958428201,
Detalle del cierre NO existe en DW,[PASS],Encontrados 0 registros en detalle (esperaba 0),820,1,20260222,,
Consistencia de datos (cabecera-detalle),[PASS],Cabecera y detalle: ambos vacíos (correcto),,,,2602221958428201,
Integridad de TODAS las tablas de cierre,[PASS],"Cabecera no existe, ningún dato huérfano detectado",820,1,,,2142.0
Cierre existe en geocom,[PASS],Encontrados 1 registros,820,1,20260226,,
Datos de ventas existen en geocom,[PASS],Encontrados 314 tickets,820,1,20260226,,
Datos de medios pago existen en geocom,[PASS],Encontrados 325 pagos,820,1,20260226,,
Cierre NO existe en DW (validación de faltante),[PASS],Encontrados 0 registros en DW (esperaba 0),,,,2602262031358201,
Detalle del cierre NO existe en DW,[PASS],Encontrados 0 registros en detalle (esperaba 0),820,1,20260226,,
Consistencia de datos (cabecera-detalle),[PASS],Cabecera y detalle: ambos vacíos (correcto),,,,2602262031358201,
Integridad de TODAS las tablas de cierre,[PASS],"Cabecera no existe, ningún dato huérfano detectado",820,1,,,2146.0
Cierre existe en geocom,[PASS],Encontrados 1 registros,825,1,20260121,,
Datos de ventas existen en geocom,[PASS],Encontrados 173 tickets,825,1,20260121,,
Datos de medios pago existen en geocom,[PASS],Encontrados 203 pagos,825,1,20260121,,
Cierre NO existe en DW (validación de faltante),[PASS],Encontrados 0 registros en DW (esperaba 0),,,,2601211944088251,
Detalle del cierre NO existe en DW,[PASS],Encontrados 0 registros en detalle (esperaba 0),825,1,20260121,,
Consistencia de datos (cabecera-detalle),[PASS],Cabecera y detalle: ambos vacíos (correcto),,,,2601211944088251,
Integridad de TODAS las tablas de cierre,[PASS],"Cabecera no existe, ningún dato huérfano detectado",825,1,,,1137.0
Cierre existe en geocom,[PASS],Encontrados 1 registros,825,1,20260205,,
Datos de ventas existen en geocom,[PASS],Encontrados 169 tickets,825,1,20260205,,
Datos de medios pago existen en geocom,[PASS],Encontrados 190 pagos,825,1,20260205,,
Cierre NO existe en DW (validación de faltante),[PASS],Encontrados 0 registros en DW (esperaba 0),,,,2602051947468251,
Detalle del cierre NO existe en DW,[PASS],Encontrados 0 registros en detalle (esperaba 0),825,1,20260205,,
Consistencia de datos (cabecera-detalle),[PASS],Cabecera y detalle: ambos vacíos (correcto),,,,2602051947468251,
Integridad de TODAS las tablas de cierre,[PASS],"Cabecera no existe, ningún dato huérfano detectado",825,1,,,1152.0
Cierre existe en geocom,[PASS],Encontrados 1 registros,826,1,20260314,,
Datos de ventas existen en geocom,[PASS],Encontrados 234856 tickets,826,1,20260314,,
Datos de medios pago existen en geocom,[WARNING],"No se pudo validar: Execution failed on sql '
        SELECT COUNT(*) as count_payments
        FROM tickets
        INN",826,1,20260314,,
Cierre NO existe en DW (validación de faltante),[PASS],Encontrados 0 registros en DW (esperaba 0),,,,2603142100538261,
Detalle del cierre NO existe en DW,[PASS],Encontrados 0 registros en detalle (esperaba 0),826,1,20260314,,
Consistencia de datos (cabecera-detalle),[PASS],Cabecera y detalle: ambos vacíos (correcto),,,,2603142100538261,
Integridad de TODAS las tablas de cierre,[PASS],"Cabecera no existe, ningún dato huérfano detectado",826,1,,,2379.0
Cierre existe en geocom,[PASS],Encontrados 1 registros,826,1,20260110,,
Datos de ventas existen en geocom,[PASS],Encontrados 106 tickets,826,1,20260110,,
Datos de medios pago existen en geocom,[PASS],Encontrados 108 pagos,826,1,20260110,,
Cierre NO existe en DW (validación de faltante),[PASS],Encontrados 0 registros en DW (esperaba 0),,,,2601102010168261,
Detalle del cierre NO existe en DW,[PASS],Encontrados 0 registros en detalle (esperaba 0),826,1,20260110,,
Consistencia de datos (cabecera-detalle),[PASS],Cabecera y detalle: ambos vacíos (correcto),,,,2601102010168261,
Integridad de TODAS las tablas de cierre,[PASS],"Cabecera no existe, ningún dato huérfano detectado",826,1,,,2316.0
Cierre existe en geocom,[PASS],Encontrados 1 registros,826,1,20260111,,
Datos de ventas existen en geocom,[PASS],Encontrados 112 tickets,826,1,20260111,,
Datos de medios pago existen en geocom,[PASS],Encontrados 95 pagos,826,1,20260111,,
Cierre NO existe en DW (validación de faltante),[PASS],Encontrados 0 registros en DW (esperaba 0),,,,2601112005198261,
Detalle del cierre NO existe en DW,[PASS],Encontrados 0 registros en detalle (esperaba 0),826,1,20260111,,
Consistencia de datos (cabecera-detalle),[PASS],Cabecera y detalle: ambos vacíos (correcto),,,,2601112005198261,
Integridad de TODAS las tablas de cierre,[PASS],"Cabecera no existe, ningún dato huérfano detectado",826,1,,,2317.0
Cierre existe en geocom,[PASS],Encontrados 1 registros,826,1,20260123,,
Datos de ventas existen en geocom,[PASS],Encontrados 123 tickets,826,1,20260123,,
Datos de medios pago existen en geocom,[PASS],Encontrados 133 pagos,826,1,20260123,,
Cierre NO existe en DW (validación de faltante),[PASS],Encontrados 0 registros en DW (esperaba 0),,,,2601232010488261,
Detalle del cierre NO existe en DW,[PASS],Encontrados 0 registros en detalle (esperaba 0),826,1,20260123,,
Consistencia de datos (cabecera-detalle),[PASS],Cabecera y detalle: ambos vacíos (correcto),,,,2601232010488261,
Integridad de TODAS las tablas de cierre,[PASS],"Cabecera no existe, ningún dato huérfano detectado",826,1,,,2329.0
Cierre existe en geocom,[PASS],Encontrados 1 registros,826,1,20260124,,
Datos de ventas existen en geocom,[PASS],Encontrados 157 tickets,826,1,20260124,,
Datos de medios pago existen en geocom,[PASS],Encontrados 153 pagos,826,1,20260124,,
Cierre NO existe en DW (validación de faltante),[PASS],Encontrados 0 registros en DW (esperaba 0),,,,2601242004588261,
Detalle del cierre NO existe en DW,[PASS],Encontrados 0 registros en detalle (esperaba 0),826,1,20260124,,
Consistencia de datos (cabecera-detalle),[PASS],Cabecera y detalle: ambos vacíos (correcto),,,,2601242004588261,
Integridad de TODAS las tablas de cierre,[PASS],"Cabecera no existe, ningún dato huérfano detectado",826,1,,,2330.0
Cierre existe en geocom,[PASS],Encontrados 1 registros,826,1,20260130,,
Datos de ventas existen en geocom,[PASS],Encontrados 166 tickets,826,1,20260130,,
Datos de medios pago existen en geocom,[PASS],Encontrados 169 pagos,826,1,20260130,,
Cierre NO existe en DW (validación de faltante),[PASS],Encontrados 0 registros en DW (esperaba 0),,,,2601302006358261,
Detalle del cierre NO existe en DW,[PASS],Encontrados 0 registros en detalle (esperaba 0),826,1,20260130,,
Consistencia de datos (cabecera-detalle),[PASS],Cabecera y detalle: ambos vacíos (correcto),,,,2601302006358261,
Integridad de TODAS las tablas de cierre,[PASS],"Cabecera no existe, ningún dato huérfano detectado",826,1,,,2336.0
Cierre existe en geocom,[PASS],Encontrados 1 registros,826,1,20260214,,
Datos de ventas existen en geocom,[PASS],Encontrados 163 tickets,826,1,20260214,,
Datos de medios pago existen en geocom,[PASS],Encontrados 171 pagos,826,1,20260214,,
Cierre NO existe en DW (validación de faltante),[PASS],Encontrados 0 registros en DW (esperaba 0),,,,2602142011158261,
Detalle del cierre NO existe en DW,[PASS],Encontrados 0 registros en detalle (esperaba 0),826,1,20260214,,
Consistencia de datos (cabecera-detalle),[PASS],Cabecera y detalle: ambos vacíos (correcto),,,,2602142011158261,
Integridad de TODAS las tablas de cierre,[PASS],"Cabecera no existe, ningún dato huérfano detectado",826,1,,,2351.0
Cierre existe en geocom,[PASS],Encontrados 1 registros,826,1,20260217,,
Datos de ventas existen en geocom,[PASS],Encontrados 145 tickets,826,1,20260217,,
Datos de medios pago existen en geocom,[PASS],Encontrados 153 pagos,826,1,20260217,,
Cierre NO existe en DW (validación de faltante),[PASS],Encontrados 0 registros en DW (esperaba 0),,,,2602171959058261,
Detalle del cierre NO existe en DW,[PASS],Encontrados 0 registros en detalle (esperaba 0),826,1,20260217,,
Consistencia de datos (cabecera-detalle),[PASS],Cabecera y detalle: ambos vacíos (correcto),,,,2602171959058261,
Integridad de TODAS las tablas de cierre,[PASS],"Cabecera no existe, ningún dato huérfano detectado",826,1,,,2354.0
Cierre existe en geocom,[PASS],Encontrados 1 registros,826,1,20260219,,
Datos de ventas existen en geocom,[PASS],Encontrados 139 tickets,826,1,20260219,,
Datos de medios pago existen en geocom,[PASS],Encontrados 141 pagos,826,1,20260219,,
Cierre NO existe en DW (validación de faltante),[PASS],Encontrados 0 registros en DW (esperaba 0),,,,2602192004048261,
Detalle del cierre NO existe en DW,[PASS],Encontrados 0 registros en detalle (esperaba 0),826,1,20260219,,
Consistencia de datos (cabecera-detalle),[PASS],Cabecera y detalle: ambos vacíos (correcto),,,,2602192004048261,
Integridad de TODAS las tablas de cierre,[PASS],"Cabecera no existe, ningún dato huérfano detectado",826,1,,,2356.0
Cierre existe en geocom,[PASS],Encontrados 1 registros,826,1,20260220,,
Datos de ventas existen en geocom,[PASS],Encontrados 140 tickets,826,1,20260220,,
Datos de medios pago existen en geocom,[PASS],Encontrados 139 pagos,826,1,20260220,,
Cierre NO existe en DW (validación de faltante),[PASS],Encontrados 0 registros en DW (esperaba 0),,,,2602202020058261,
Detalle del cierre NO existe en DW,[PASS],Encontrados 0 registros en detalle (esperaba 0),826,1,20260220,,
Consistencia de datos (cabecera-detalle),[PASS],Cabecera y detalle: ambos vacíos (correcto),,,,2602202020058261,
Integridad de TODAS las tablas de cierre,[PASS],"Cabecera no existe, ningún dato huérfano detectado",826,1,,,2357.0
Cierre existe en geocom,[PASS],Encontrados 1 registros,826,1,20260221,,
Datos de ventas existen en geocom,[PASS],Encontrados 125 tickets,826,1,20260221,,
Datos de medios pago existen en geocom,[PASS],Encontrados 135 pagos,826,1,20260221,,
Cierre NO existe en DW (validación de faltante),[PASS],Encontrados 0 registros en DW (esperaba 0),,,,2602212000258261,
Detalle del cierre NO existe en DW,[PASS],Encontrados 0 registros en detalle (esperaba 0),826,1,20260221,,
Consistencia de datos (cabecera-detalle),[PASS],Cabecera y detalle: ambos vacíos (correcto),,,,2602212000258261,
Integridad de TODAS las tablas de cierre,[PASS],"Cabecera no existe, ningún dato huérfano detectado",826,1,,,2358.0
Cierre existe en geocom,[PASS],Encontrados 1 registros,826,1,20260222,,
Datos de ventas existen en geocom,[PASS],Encontrados 83 tickets,826,1,20260222,,
Datos de medios pago existen en geocom,[PASS],Encontrados 76 pagos,826,1,20260222,,
Cierre NO existe en DW (validación de faltante),[PASS],Encontrados 0 registros en DW (esperaba 0),,,,2602222005388261,
Detalle del cierre NO existe en DW,[PASS],Encontrados 0 registros en detalle (esperaba 0),826,1,20260222,,
Consistencia de datos (cabecera-detalle),[PASS],Cabecera y detalle: ambos vacíos (correcto),,,,2602222005388261,
Integridad de TODAS las tablas de cierre,[PASS],"Cabecera no existe, ningún dato huérfano detectado",826,1,,,2359.0
Cierre existe en geocom,[PASS],Encontrados 1 registros,826,1,20260301,,
Datos de ventas existen en geocom,[PASS],Encontrados 128 tickets,826,1,20260301,,
Datos de medios pago existen en geocom,[PASS],Encontrados 128 pagos,826,1,20260301,,
Cierre NO existe en DW (validación de faltante),[PASS],Encontrados 0 registros en DW (esperaba 0),,,,2603011959138261,
Detalle del cierre NO existe en DW,[PASS],Encontrados 0 registros en detalle (esperaba 0),826,1,20260301,,
Consistencia de datos (cabecera-detalle),[PASS],Cabecera y detalle: ambos vacíos (correcto),,,,2603011959138261,
Integridad de TODAS las tablas de cierre,[PASS],"Cabecera no existe, ningún dato huérfano detectado",826,1,,,2366.0
Cierre existe en geocom,[PASS],Encontrados 1 registros,826,1,20260302,,
Datos de ventas existen en geocom,[PASS],Encontrados 170 tickets,826,1,20260302,,
Datos de medios pago existen en geocom,[PASS],Encontrados 167 pagos,826,1,20260302,,
Cierre NO existe en DW (validación de faltante),[PASS],Encontrados 0 registros en DW (esperaba 0),,,,2603022002548261,
Detalle del cierre NO existe en DW,[PASS],Encontrados 0 registros en detalle (esperaba 0),826,1,20260302,,
Consistencia de datos (cabecera-detalle),[PASS],Cabecera y detalle: ambos vacíos (correcto),,,,2603022002548261,
Integridad de TODAS las tablas de cierre,[PASS],"Cabecera no existe, ningún dato huérfano detectado",826,1,,,2367.0
Cierre existe en geocom,[PASS],Encontrados 1 registros,826,1,20260307,,
Datos de ventas existen en geocom,[PASS],Encontrados 124 tickets,826,1,20260307,,
Datos de medios pago existen en geocom,[PASS],Encontrados 116 pagos,826,1,20260307,,
Cierre NO existe en DW (validación de faltante),[PASS],Encontrados 0 registros en DW (esperaba 0),,,,2603072107168261,
Detalle del cierre NO existe en DW,[PASS],Encontrados 0 registros en detalle (esperaba 0),826,1,20260307,,
Consistencia de datos (cabecera-detalle),[PASS],Cabecera y detalle: ambos vacíos (correcto),,,,2603072107168261,
Integridad de TODAS las tablas de cierre,[PASS],"Cabecera no existe, ningún dato huérfano detectado",826,1,,,2372.0
Cierre existe en geocom,[PASS],Encontrados 1 registros,826,1,20260308,,
Datos de ventas existen en geocom,[PASS],Encontrados 90 tickets,826,1,20260308,,
Datos de medios pago existen en geocom,[PASS],Encontrados 82 pagos,826,1,20260308,,
Cierre NO existe en DW (validación de faltante),[PASS],Encontrados 0 registros en DW (esperaba 0),,,,2603082101298261,
Detalle del cierre NO existe en DW,[PASS],Encontrados 0 registros en detalle (esperaba 0),826,1,20260308,,
Consistencia de datos (cabecera-detalle),[PASS],Cabecera y detalle: ambos vacíos (correcto),,,,2603082101298261,
Integridad de TODAS las tablas de cierre,[PASS],"Cabecera no existe, ningún dato huérfano detectado",826,1,,,2373.0
Cierre existe en geocom,[PASS],Encontrados 1 registros,843,1,20260110,,
Datos de ventas existen en geocom,[PASS],Encontrados 84 tickets,843,1,20260110,,
Datos de medios pago existen en geocom,[PASS],Encontrados 96 pagos,843,1,20260110,,
Cierre NO existe en DW (validación de faltante),[PASS],Encontrados 0 registros en DW (esperaba 0),,,,2601101934088431,
Detalle del cierre NO existe en DW,[PASS],Encontrados 0 registros en detalle (esperaba 0),843,1,20260110,,
Consistencia de datos (cabecera-detalle),[PASS],Cabecera y detalle: ambos vacíos (correcto),,,,2601101934088431,
Integridad de TODAS las tablas de cierre,[PASS],"Cabecera no existe, ningún dato huérfano detectado",843,1,,,1284.0
Cierre existe en geocom,[PASS],Encontrados 1 registros,843,1,20260111,,
Datos de ventas existen en geocom,[PASS],Encontrados 50 tickets,843,1,20260111,,
Datos de medios pago existen en geocom,[PASS],Encontrados 50 pagos,843,1,20260111,,
Cierre NO existe en DW (validación de faltante),[PASS],Encontrados 0 registros en DW (esperaba 0),,,,2601111915068431,
Detalle del cierre NO existe en DW,[PASS],Encontrados 0 registros en detalle (esperaba 0),843,1,20260111,,
Consistencia de datos (cabecera-detalle),[PASS],Cabecera y detalle: ambos vacíos (correcto),,,,2601111915068431,
Integridad de TODAS las tablas de cierre,[PASS],"Cabecera no existe, ningún dato huérfano detectado",843,1,,,1285.0
Cierre existe en geocom,[PASS],Encontrados 1 registros,843,1,20260112,,
Datos de ventas existen en geocom,[PASS],Encontrados 89 tickets,843,1,20260112,,
Datos de medios pago existen en geocom,[PASS],Encontrados 97 pagos,843,1,20260112,,
Cierre NO existe en DW (validación de faltante),[PASS],Encontrados 0 registros en DW (esperaba 0),,,,2601121954538431,
Detalle del cierre NO existe en DW,[PASS],Encontrados 0 registros en detalle (esperaba 0),843,1,20260112,,
Consistencia de datos (cabecera-detalle),[PASS],Cabecera y detalle: ambos vacíos (correcto),,,,2601121954538431,
Integridad de TODAS las tablas de cierre,[PASS],"Cabecera no existe, ningún dato huérfano detectado",843,1,,,1286.0
Cierre existe en geocom,[PASS],Encontrados 1 registros,843,1,20260113,,
Datos de ventas existen en geocom,[PASS],Encontrados 84 tickets,843,1,20260113,,
Datos de medios pago existen en geocom,[PASS],Encontrados 94 pagos,843,1,20260113,,
Cierre NO existe en DW (validación de faltante),[PASS],Encontrados 0 registros en DW (esperaba 0),,,,2601131946298431,
Detalle del cierre NO existe en DW,[PASS],Encontrados 0 registros en detalle (esperaba 0),843,1,20260113,,
Consistencia de datos (cabecera-detalle),[PASS],Cabecera y detalle: ambos vacíos (correcto),,,,2601131946298431,
Integridad de TODAS las tablas de cierre,[PASS],"Cabecera no existe, ningún dato huérfano detectado",843,1,,,1287.0
Cierre existe en geocom,[PASS],Encontrados 1 registros,843,1,20260114,,
Datos de ventas existen en geocom,[PASS],Encontrados 97 tickets,843,1,20260114,,
Datos de medios pago existen en geocom,[PASS],Encontrados 113 pagos,843,1,20260114,,
Cierre NO existe en DW (validación de faltante),[PASS],Encontrados 0 registros en DW (esperaba 0),,,,2601141945048431,
Detalle del cierre NO existe en DW,[PASS],Encontrados 0 registros en detalle (esperaba 0),843,1,20260114,,
Consistencia de datos (cabecera-detalle),[PASS],Cabecera y detalle: ambos vacíos (correcto),,,,2601141945048431,
Integridad de TODAS las tablas de cierre,[PASS],"Cabecera no existe, ningún dato huérfano detectado",843,1,,,1288.0
Cierre existe en geocom,[PASS],Encontrados 1 registros,843,1,20260115,,
Datos de ventas existen en geocom,[PASS],Encontrados 101 tickets,843,1,20260115,,
Datos de medios pago existen en geocom,[PASS],Encontrados 115 pagos,843,1,20260115,,
Cierre NO existe en DW (validación de faltante),[PASS],Encontrados 0 registros en DW (esperaba 0),,,,2601151945488431,
Detalle del cierre NO existe en DW,[PASS],Encontrados 0 registros en detalle (esperaba 0),843,1,20260115,,
Consistencia de datos (cabecera-detalle),[PASS],Cabecera y detalle: ambos vacíos (correcto),,,,2601151945488431,
Integridad de TODAS las tablas de cierre,[PASS],"Cabecera no existe, ningún dato huérfano detectado",843,1,,,1289.0
Cierre existe en geocom,[PASS],Encontrados 1 registros,843,1,20260116,,
Datos de ventas existen en geocom,[PASS],Encontrados 123 tickets,843,1,20260116,,
Datos de medios pago existen en geocom,[PASS],Encontrados 139 pagos,843,1,20260116,,
Cierre NO existe en DW (validación de faltante),[PASS],Encontrados 0 registros en DW (esperaba 0),,,,2601161953538431,
Detalle del cierre NO existe en DW,[PASS],Encontrados 0 registros en detalle (esperaba 0),843,1,20260116,,
Consistencia de datos (cabecera-detalle),[PASS],Cabecera y detalle: ambos vacíos (correcto),,,,2601161953538431,
Integridad de TODAS las tablas de cierre,[PASS],"Cabecera no existe, ningún dato huérfano detectado",843,1,,,1290.0
Cierre existe en geocom,[PASS],Encontrados 1 registros,843,1,20260122,,
Datos de ventas existen en geocom,[PASS],Encontrados 89 tickets,843,1,20260122,,
Datos de medios pago existen en geocom,[PASS],Encontrados 101 pagos,843,1,20260122,,
Cierre NO existe en DW (validación de faltante),[PASS],Encontrados 0 registros en DW (esperaba 0),,,,2601221951378431,
Detalle del cierre NO existe en DW,[PASS],Encontrados 0 registros en detalle (esperaba 0),843,1,20260122,,
Consistencia de datos (cabecera-detalle),[PASS],Cabecera y detalle: ambos vacíos (correcto),,,,2601221951378431,
Integridad de TODAS las tablas de cierre,[PASS],"Cabecera no existe, ningún dato huérfano detectado",843,1,,,1296.0
Cierre existe en geocom,[PASS],Encontrados 1 registros,843,1,20260129,,
Datos de ventas existen en geocom,[PASS],Encontrados 101 tickets,843,1,20260129,,
Datos de medios pago existen en geocom,[PASS],Encontrados 101 pagos,843,1,20260129,,
Cierre NO existe en DW (validación de faltante),[PASS],Encontrados 0 registros en DW (esperaba 0),,,,2601291943438431,
Detalle del cierre NO existe en DW,[PASS],Encontrados 0 registros en detalle (esperaba 0),843,1,20260129,,
Consistencia de datos (cabecera-detalle),[PASS],Cabecera y detalle: ambos vacíos (correcto),,,,2601291943438431,
Integridad de TODAS las tablas de cierre,[PASS],"Cabecera no existe, ningún dato huérfano detectado",843,1,,,1303.0
Cierre existe en geocom,[PASS],Encontrados 1 registros,843,1,20260130,,
Datos de ventas existen en geocom,[PASS],Encontrados 115 tickets,843,1,20260130,,
Datos de medios pago existen en geocom,[PASS],Encontrados 123 pagos,843,1,20260130,,
Cierre NO existe en DW (validación de faltante),[PASS],Encontrados 0 registros en DW (esperaba 0),,,,2601301939188431,
Detalle del cierre NO existe en DW,[PASS],Encontrados 0 registros en detalle (esperaba 0),843,1,20260130,,
Consistencia de datos (cabecera-detalle),[PASS],Cabecera y detalle: ambos vacíos (correcto),,,,2601301939188431,
Integridad de TODAS las tablas de cierre,[ERROR],"Error validando tablas: (pyodbc.OperationalError) ('08S01', '[08S01] [Microsoft][ODBC Driver 17 for SQL Server]TCP Provider:",843,1,,,1304.0
Cierre existe en geocom,[PASS],Encontrados 1 registros,843,1,20260201,,
Datos de ventas existen en geocom,[PASS],Encontrados 72 tickets,843,1,20260201,,
Datos de medios pago existen en geocom,[PASS],Encontrados 86 pagos,843,1,20260201,,
Cierre NO existe en DW (validación de faltante),[PASS],Encontrados 0 registros en DW (esperaba 0),,,,2602011909578431,
Detalle del cierre NO existe en DW,[PASS],Encontrados 0 registros en detalle (esperaba 0),843,1,20260201,,
Consistencia de datos (cabecera-detalle),[PASS],Cabecera y detalle: ambos vacíos (correcto),,,,2602011909578431,
Integridad de TODAS las tablas de cierre,[PASS],"Cabecera no existe, ningún dato huérfano detectado",843,1,,,1306.0
Cierre existe en geocom,[PASS],Encontrados 1 registros,843,1,20260207,,
Datos de ventas existen en geocom,[PASS],Encontrados 71 tickets,843,1,20260207,,
Datos de medios pago existen en geocom,[PASS],Encontrados 86 pagos,843,1,20260207,,
Cierre NO existe en DW (validación de faltante),[PASS],Encontrados 0 registros en DW (esperaba 0),,,,2602071944048431,
Detalle del cierre NO existe en DW,[PASS],Encontrados 0 registros en detalle (esperaba 0),843,1,20260207,,
Consistencia de datos (cabecera-detalle),[PASS],Cabecera y detalle: ambos vacíos (correcto),,,,2602071944048431,
Integridad de TODAS las tablas de cierre,[PASS],"Cabecera no existe, ningún dato huérfano detectado",843,1,,,1312.0
Cierre existe en geocom,[PASS],Encontrados 1 registros,843,1,20260208,,
Datos de ventas existen en geocom,[PASS],Encontrados 61 tickets,843,1,20260208,,
Datos de medios pago existen en geocom,[PASS],Encontrados 63 pagos,843,1,20260208,,
Cierre NO existe en DW (validación de faltante),[PASS],Encontrados 0 registros en DW (esperaba 0),,,,2602081907528431,
Detalle del cierre NO existe en DW,[PASS],Encontrados 0 registros en detalle (esperaba 0),843,1,20260208,,
Consistencia de datos (cabecera-detalle),[PASS],Cabecera y detalle: ambos vacíos (correcto),,,,2602081907528431,
Integridad de TODAS las tablas de cierre,[PASS],"Cabecera no existe, ningún dato huérfano detectado",843,1,,,1313.0
Cierre existe en geocom,[PASS],Encontrados 1 registros,843,1,20260214,,
Datos de ventas existen en geocom,[PASS],Encontrados 123 tickets,843,1,20260214,,
Datos de medios pago existen en geocom,[PASS],Encontrados 140 pagos,843,1,20260214,,
Cierre NO existe en DW (validación de faltante),[PASS],Encontrados 0 registros en DW (esperaba 0),,,,2602141944128431,
Detalle del cierre NO existe en DW,[PASS],Encontrados 0 registros en detalle (esperaba 0),843,1,20260214,,
Consistencia de datos (cabecera-detalle),[PASS],Cabecera y detalle: ambos vacíos (correcto),,,,2602141944128431,
Integridad de TODAS las tablas de cierre,[PASS],"Cabecera no existe, ningún dato huérfano detectado",843,1,,,1319.0
Cierre existe en geocom,[PASS],Encontrados 1 registros,843,1,20260302,,
Datos de ventas existen en geocom,[PASS],Encontrados 134 tickets,843,1,20260302,,
Datos de medios pago existen en geocom,[PASS],Encontrados 131 pagos,843,1,20260302,,
Cierre NO existe en DW (validación de faltante),[PASS],Encontrados 0 registros en DW (esperaba 0),,,,2603021936528431,
Detalle del cierre NO existe en DW,[PASS],Encontrados 0 registros en detalle (esperaba 0),843,1,20260302,,
Consistencia de datos (cabecera-detalle),[PASS],Cabecera y detalle: ambos vacíos (correcto),,,,2603021936528431,
Integridad de TODAS las tablas de cierre,[PASS],"Cabecera no existe, ningún dato huérfano detectado",843,1,,,1335.0
Cierre existe en geocom,[PASS],Encontrados 1 registros,843,1,20260307,,
Datos de ventas existen en geocom,[PASS],Encontrados 112 tickets,843,1,20260307,,
Datos de medios pago existen en geocom,[PASS],Encontrados 123 pagos,843,1,20260307,,
Cierre NO existe en DW (validación de faltante),[PASS],Encontrados 0 registros en DW (esperaba 0),,,,2603072033088431,
Detalle del cierre NO existe en DW,[PASS],Encontrados 0 registros en detalle (esperaba 0),843,1,20260307,,
Consistencia de datos (cabecera-detalle),[PASS],Cabecera y detalle: ambos vacíos (correcto),,,,2603072033088431,
Integridad de TODAS las tablas de cierre,[PASS],"Cabecera no existe, ningún dato huérfano detectado",843,1,,,1340.0
Cierre existe en geocom,[PASS],Encontrados 1 registros,843,1,20260310,,
Datos de ventas existen en geocom,[PASS],Encontrados 89 tickets,843,1,20260310,,
Datos de medios pago existen en geocom,[PASS],Encontrados 105 pagos,843,1,20260310,,
Cierre NO existe en DW (validación de faltante),[PASS],Encontrados 0 registros en DW (esperaba 0),,,,2603102036178431,
Detalle del cierre NO existe en DW,[PASS],Encontrados 0 registros en detalle (esperaba 0),843,1,20260310,,
Consistencia de datos (cabecera-detalle),[PASS],Cabecera y detalle: ambos vacíos (correcto),,,,2603102036178431,
Integridad de TODAS las tablas de cierre,[PASS],"Cabecera no existe, ningún dato huérfano detectado",843,1,,,1343.0
Cierre existe en geocom,[PASS],Encontrados 1 registros,843,1,20260314,,
Datos de ventas existen en geocom,[PASS],Encontrados 123 tickets,843,1,20260314,,
Datos de medios pago existen en geocom,[PASS],Encontrados 130 pagos,843,1,20260314,,
Cierre NO existe en DW (validación de faltante),[PASS],Encontrados 0 registros en DW (esperaba 0),,,,2603142045198431,
Detalle del cierre NO existe en DW,[PASS],Encontrados 0 registros en detalle (esperaba 0),843,1,20260314,,
Consistencia de datos (cabecera-detalle),[PASS],Cabecera y detalle: ambos vacíos (correcto),,,,2603142045198431,
Integridad de TODAS las tablas de cierre,[PASS],"Cabecera no existe, ningún dato huérfano detectado",843,1,,,1347.0
Cierre existe en geocom,[PASS],Encontrados 1 registros,844,1,20260102,,
Datos de ventas existen en geocom,[PASS],Encontrados 93 tickets,844,1,20260102,,
Datos de medios pago existen en geocom,[PASS],Encontrados 83 pagos,844,1,20260102,,
Cierre NO existe en DW (validación de faltante),[PASS],Encontrados 0 registros en DW (esperaba 0),,,,2601021946378441,
Detalle del cierre NO existe en DW,[PASS],Encontrados 0 registros en detalle (esperaba 0),844,1,20260102,,
Consistencia de datos (cabecera-detalle),[PASS],Cabecera y detalle: ambos vacíos (correcto),,,,2601021946378441,
Integridad de TODAS las tablas de cierre,[PASS],"Cabecera no existe, ningún dato huérfano detectado",844,1,,,499.0
Cierre existe en geocom,[PASS],Encontrados 1 registros,844,1,20260110,,
Datos de ventas existen en geocom,[PASS],Encontrados 84 tickets,844,1,20260110,,
Datos de medios pago existen en geocom,[PASS],Encontrados 84 pagos,844,1,20260110,,
Cierre NO existe en DW (validación de faltante),[PASS],Encontrados 0 registros en DW (esperaba 0),,,,2601101900428441,
Detalle del cierre NO existe en DW,[PASS],Encontrados 0 registros en detalle (esperaba 0),844,1,20260110,,
Consistencia de datos (cabecera-detalle),[PASS],Cabecera y detalle: ambos vacíos (correcto),,,,2601101900428441,
Integridad de TODAS las tablas de cierre,[PASS],"Cabecera no existe, ningún dato huérfano detectado",844,1,,,507.0
Cierre existe en geocom,[PASS],Encontrados 1 registros,844,1,20260121,,
Datos de ventas existen en geocom,[PASS],Encontrados 110 tickets,844,1,20260121,,
Datos de medios pago existen en geocom,[PASS],Encontrados 94 pagos,844,1,20260121,,
Cierre NO existe en DW (validación de faltante),[PASS],Encontrados 0 registros en DW (esperaba 0),,,,2601211901508441,
Detalle del cierre NO existe en DW,[PASS],Encontrados 0 registros en detalle (esperaba 0),844,1,20260121,,
Consistencia de datos (cabecera-detalle),[PASS],Cabecera y detalle: ambos vacíos (correcto),,,,2601211901508441,
Integridad de TODAS las tablas de cierre,[PASS],"Cabecera no existe, ningún dato huérfano detectado",844,1,,,518.0
Cierre existe en geocom,[PASS],Encontrados 1 registros,844,1,20260206,,
Datos de ventas existen en geocom,[PASS],Encontrados 79 tickets,844,1,20260206,,
Datos de medios pago existen en geocom,[PASS],Encontrados 85 pagos,844,1,20260206,,
Cierre NO existe en DW (validación de faltante),[PASS],Encontrados 0 registros en DW (esperaba 0),,,,2602061958408441,
Detalle del cierre NO existe en DW,[PASS],Encontrados 0 registros en detalle (esperaba 0),844,1,20260206,,
Consistencia de datos (cabecera-detalle),[PASS],Cabecera y detalle: ambos vacíos (correcto),,,,2602061958408441,
Integridad de TODAS las tablas de cierre,[PASS],"Cabecera no existe, ningún dato huérfano detectado",844,1,,,533.0
Cierre existe en geocom,[PASS],Encontrados 1 registros,844,1,20260215,,
Datos de ventas existen en geocom,[PASS],Encontrados 69 tickets,844,1,20260215,,
Datos de medios pago existen en geocom,[PASS],Encontrados 74 pagos,844,1,20260215,,
Cierre NO existe en DW (validación de faltante),[PASS],Encontrados 0 registros en DW (esperaba 0),,,,2602151923388441,
Detalle del cierre NO existe en DW,[PASS],Encontrados 0 registros en detalle (esperaba 0),844,1,20260215,,
Consistencia de datos (cabecera-detalle),[PASS],Cabecera y detalle: ambos vacíos (correcto),,,,2602151923388441,
Integridad de TODAS las tablas de cierre,[PASS],"Cabecera no existe, ningún dato huérfano detectado",844,1,,,542.0
Cierre existe en geocom,[PASS],Encontrados 1 registros,844,1,20260306,,
Datos de ventas existen en geocom,[PASS],Encontrados 136 tickets,844,1,20260306,,
Datos de medios pago existen en geocom,[PASS],Encontrados 137 pagos,844,1,20260306,,
Cierre NO existe en DW (validación de faltante),[PASS],Encontrados 0 registros en DW (esperaba 0),,,,2603062034388441,
Detalle del cierre NO existe en DW,[PASS],Encontrados 0 registros en detalle (esperaba 0),844,1,20260306,,
Consistencia de datos (cabecera-detalle),[PASS],Cabecera y detalle: ambos vacíos (correcto),,,,2603062034388441,
Integridad de TODAS las tablas de cierre,[PASS],"Cabecera no existe, ningún dato huérfano detectado",844,1,,,561.0
